#nome,cognome,codiceFiscale,nomeSedeLavorativa,inizioAttivita,fineAttivita,ruolo
marco,rossi,sfweceuzvkeorkus,sedea,2019-11-30,null,3
giulio,cesare,j9snfhwnyi7pemrm,sedea,2019-12-20,null,1
giuliano,azzurri,1avacuf6gs4v9nrg,sedea,2019-12-02,null,2
mustafa,goyette,rbwx3mc2kngiceja,sedea,2019-12-03,null,3
bernadette,beatty,egiggxk396hvasyj,sedea,2019-12-03,null,2
jaeden,jakubowski,so7hxhuclkavfle7,sedeb,2019-12-03,null,1
werner,o'connell,m5lykd3xmhm4k7rz,sedeb,2019-12-03,null,1
hazle,reinger,2fqi9clhoz8npwwn,lowe-lowe,2019-12-03,null,1
augustus,roberts,cobcc9aqgvgycbk6,lowe-lowe,2019-12-03,null,2
jerod,howell,suubakms35jzvduz,homenick-homenick,2019-12-03,null,1
daron,fahey,ooukusoocncgnurr,homenick-homenick,2019-12-03,null,2
emil,jerde,jgdurt6hmpiql0dj,sedea,2019-12-03,null,0
hank,corkery,djksxfsiklx4euca,sedea,2019-12-03,null,3
destiney,bechtelar,sftheyooh0utv5pz,sedea,2019-12-03,null,1
daphnee,o'hara,p9igepigdjoyk4ok,sedeb,2019-12-03,null,0
alphonso,tillman,q7ihbelechg8fcjr,sedeb,2019-12-03,null,1
justen,kozey,tpyknaawbpssyjg5,sedeb,2019-12-03,null,0
minnie,walker,o8stnsszul0nazw8,lowe-lowe,2019-12-03,null,1
ophelia,robel,djtdndjjodmxm6hd,lowe-lowe,2019-12-03,null,1
alta,rodriguez,n1ofo1b7yz3qqjay,lowe-lowe,2019-12-03,null,0
amely,bogan,9cb4pnzp3wkqkvah,homenick-homenick,2019-12-03,null,0
else,kshlerin,dwpo2kf2dm2phddy,homenick-homenick,2019-12-03,null,0
julien,harber,tz10wjaf01noda8y,homenick-homenick,2019-12-03,null,1
skye,hettinger,t2sitqrmkdi1foqh,mertz llc,2019-12-03,null,1
lolita,mante,gdtegqzsz03nyoed,mertz llc,2019-12-03,null,2
elvie,stark,h0yn1pjlktrexpor,mertz llc,2019-12-03,null,3
joanne,grant,lnujuoee22qkumtk,beier-beier,2019-12-03,null,1
nicola,kassulke,6fqkelzmxwqxqgfz,beier-beier,2019-12-03,null,2
celine,fadel,dyl1fw8i0xq1a6st,beier-beier,2019-12-03,null,2
conner,welch,aud6mlbdtfnem4pa,ebert-ebert,2019-12-03,null,2
justine,kautzer,66kvsgeqw8nqt8ze,ebert-ebert,2019-12-03,null,3
salvador,stanton,g9niwz5p2jscrhzm,ebert-ebert,2019-12-03,null,1
susie,hessel,quvosuexzwprus3o,sedea,2019-12-03,null,0
jeremy,fritsch,ap9ex3gax2ml0ce9,sedea,2019-12-03,null,3
mayra,o'hara,5bq6n7mbtjonlloz,sedea,2019-12-03,null,3
aron,fisher,smhevvsyhsc291fv,sedeb,2019-12-03,null,1
hardy,ziemann,vk4jt6nxitltshkl,sedeb,2019-12-03,null,0
muriel,gleichner,yrscju2lbm4gjf0b,sedeb,2019-12-03,null,0
boris,beahan,llridnnxxqvsfrlc,lowe-lowe,2019-12-03,null,1
tanner,considine,yqfjvqwc663lpnll,lowe-lowe,2019-12-03,null,3
mabelle,blick,xedtm37rplirpz5r,lowe-lowe,2019-12-03,null,1
toni,gleichner,d0ifs0sy6fkpne9e,homenick-homenick,2019-12-03,null,0
adaline,osinski,qo2dbz6hhyrmjvrw,homenick-homenick,2019-12-03,null,3
deborah,lang,nnn4zn7flotsic5n,homenick-homenick,2019-12-03,null,1
josiane,skiles,wl74wfxikxdouprr,mertz llc,2019-12-03,null,1
clement,bahringer,w80rjwohvectmzr6,mertz llc,2019-12-03,null,1
alize,hayes,fn54dmgpfwxthr5f,mertz llc,2019-12-03,null,2
vernice,crona,goyxjfstpzpedarb,beier-beier,2019-12-03,null,3
jayson,rogahn,0jusgis3vuqopikg,beier-beier,2019-12-03,null,1
garret,bernhard,gbpwvybpgqramgnb,beier-beier,2019-12-03,null,1
orie,reilly,rzje5ktnjhonxbnu,ebert-ebert,2019-12-03,null,3
elmer,baumbach,uetra3zpur1pcd08,ebert-ebert,2019-12-03,null,3
sister,hauck,qm7uoczixueyqhiy,ebert-ebert,2019-12-03,null,3
dandre,wolff,iwcmh3qmol1xmqxg,franecki-franecki,2019-12-03,null,0
jaclyn,kerluke,v0xgietgd8ght6ng,franecki-franecki,2019-12-03,null,2
maryse,steuber,icxu2fsjyqslqll3,franecki-franecki,2019-12-03,null,2
augustine,prohaska,ecilypcv2acerzhx,tillman-tillman,2019-12-03,null,2
margaret,mitchell,qpenquvp76js72ld,tillman-tillman,2019-12-03,null,2
leopoldo,blick,3heyzkbcq0olevyh,tillman-tillman,2019-12-03,null,0
marguerite,johns,vcp3hsjqvr49pgbk,collins inc,2019-12-03,null,0
oran,jacobi,ighihxjqoeq8nsxz,collins inc,2019-12-03,null,0
karson,hayes,jjuqyahpkzylmtjt,collins inc,2019-12-03,null,1
haleigh,ondricka,3pz7kzah0ueezmhu,sedea,2019-12-03,null,2
jakayla,bogan,gfxzrx58r58jxzms,sedea,2019-12-03,null,2
braulio,marquardt,4hwmpshi555oknqd,sedea,2019-12-03,null,0
bailey,oberbrunner,hdd1jcuxarzctjn5,sedeb,2019-12-03,null,3
misael,beier,lhda01quc351igja,sedeb,2019-12-03,null,3
davion,hintz,x99wczt2iu45ca3k,sedeb,2019-12-03,null,1
alexanne,kessler,uf6anxrxcxwujy0k,lowe-lowe,2019-12-03,null,3
margarette,cronin,okidaqdon7hxrpd3,lowe-lowe,2019-12-03,null,1
milan,kilback,csm4r8gcdps4fpoc,lowe-lowe,2019-12-03,null,3
roger,harber,gmlnomucjzpdtj4d,homenick-homenick,2019-12-03,null,3
lila,hintz,w39bxh4j2oi7kahc,homenick-homenick,2019-12-03,null,3
maya,gutmann,lyjfrqafrconv2kj,homenick-homenick,2019-12-03,null,2
selmer,sauer,scu38mj6en7zuuwa,mertz llc,2019-12-03,null,1
kaylin,lubowitz,8s7ijzk0y0fqxn83,mertz llc,2019-12-03,null,0
garrison,lueilwitz,ieffhcqgaywi4efp,mertz llc,2019-12-03,null,1
vickie,ritchie,liuf10xcgfpwjvtk,beier-beier,2019-12-03,null,0
jamal,blick,rot0epkmhbmjxixo,beier-beier,2019-12-03,null,0
winnifred,hayes,w7z9sxlneutlaj8n,beier-beier,2019-12-03,null,0
june,goldner,r7xxzga4kktmhsun,ebert-ebert,2019-12-03,null,3
wyatt,adams,mryphc5wy21xeqk0,ebert-ebert,2019-12-03,null,3
letitia,okuneva,sd7baznkuwkyy5bn,ebert-ebert,2019-12-03,null,1
xavier,heidenreich,nj2wxl8eg4jzvslv,franecki-franecki,2019-12-03,null,3
brayan,armstrong,o6i8wxoqiqlb1m6q,franecki-franecki,2019-12-03,null,3
junius,koch,sltsj9pexxolnb8a,franecki-franecki,2019-12-03,null,1
wilber,cartwright,zijm2zbydqvfvtn6,tillman-tillman,2019-12-03,null,1
chloe,predovic,fm7siadxkdm9thuo,tillman-tillman,2019-12-03,null,1
althea,denesik,e6lb6ag7dldpwrod,tillman-tillman,2019-12-03,null,3
vivienne,rogahn,e3c4x6emjnf31zhb,collins inc,2019-12-03,null,0
dewayne,upton,axkffc0fjc3ayiue,collins inc,2019-12-03,null,1
georgianna,waters,foxtcfxyv8rqon8o,collins inc,2019-12-03,null,2
sydney,howe,60hrxv3qcku34zz5,howe-howe,2019-12-03,null,0
annamarie,bauch,ndlcxcicmciuoato,howe-howe,2019-12-03,null,0
karianne,schuster,ygorecddf9s5zzrg,howe-howe,2019-12-03,null,3
camilla,abbott,huggsx5gkvjdwmbn,abbott and sons,2019-12-03,null,0
karley,mcglynn,o6hfoxav0qqso8qt,abbott and sons,2019-12-03,null,2
grover,schuster,0cirbpz9hjavefsj,abbott and sons,2019-12-03,null,1
lewis,kshlerin,bcyos5k1wiktvxn4,sedea,2019-12-03,null,3
percival,corkery,fumkquktoivb2vdv,sedea,2019-12-03,null,3
pasquale,wolff,xdn81bc3szydthlb,sedeb,2019-12-03,null,3
melody,hessel,o84pi8blgxrpu8cd,sedeb,2019-12-03,null,0
bria,vonrueden,f1tj2mffnwp1sz0f,lowe-lowe,2019-12-03,null,0
rebeka,vandervort,zkj0hyzk7rje2xyb,lowe-lowe,2019-12-03,null,1
hertha,harvey,gqiqzehdfbbkqlbc,homenick-homenick,2019-12-03,null,1
izaiah,kilback,vobqbdqa2k5jozek,homenick-homenick,2019-12-03,null,2
ima,moore,k6qpoorv3hlmuptt,mertz llc,2019-12-03,null,2
gregorio,o'kon,dookfee8t4tx16vd,mertz llc,2019-12-03,null,0
earl,zboncak,3o7wm1h3oznifuge,beier-beier,2019-12-03,null,1
rebecca,bayer,ryfuto7qun7imawr,beier-beier,2019-12-03,null,0
devyn,fisher,ngbuhuwqyqy7yiok,ebert-ebert,2019-12-03,null,3
jason,glover,cqc93v9wlhd0bodn,ebert-ebert,2019-12-03,null,2
chris,schaefer,wutelinpcxgir7bj,franecki-franecki,2019-12-03,null,3
lelah,king,1k4m87mzovbd3yji,franecki-franecki,2019-12-03,null,0
lucienne,feest,dxkcid5kr1lwlse8,tillman-tillman,2019-12-03,null,0
miguel,rutherford,jehm6zbxuybejtby,tillman-tillman,2019-12-03,null,1
elta,bogisich,uwxc6uaofqwvkaqr,collins inc,2019-12-03,null,2
darrick,zboncak,tzb5apdr7wpiosp3,collins inc,2019-12-03,null,3
fabiola,moen,pejwiqfizkv0ue8v,howe-howe,2019-12-03,null,2
ardella,frami,brrhjonnrsgt7sw8,howe-howe,2019-12-03,null,3
hilton,willms,xot4ecfz0siipdsi,abbott and sons,2019-12-03,null,3
hester,ortiz,npytwi6rvqdgbi3i,abbott and sons,2019-12-03,null,2
zion,kassulke,gzteevd501k4a9cm,bogan-bogan,2019-12-03,null,3
agustina,orn,zmgu63u2h43cvoae,bogan-bogan,2019-12-03,null,1
jaime,pfeffer,ptcu4qngjayiiehu,kihn-kihn,2019-12-03,null,0
omari,hayes,8fdycw6ekejv4svq,kihn-kihn,2019-12-03,null,1
shayne,hyatt,3kds6nsclugtqdxd,sedea,2019-12-03,null,0
marlin,howe,el2wpzsppndstfva,sedeb,2019-12-03,null,0
sedrick,o'keefe,a5tnnmd4wmnelfc6,lowe-lowe,2019-12-03,null,1
vada,schowalter,gyjvnmxoo2xzk9oc,homenick-homenick,2019-12-03,null,3
edwina,kunde,8dym1kpaz1qkhpph,mertz llc,2019-12-03,null,1
haleigh,emard,dtfrqnoxqgodznea,beier-beier,2019-12-03,null,3
ethyl,halvorson,eldx0gftfcfdjeuf,ebert-ebert,2019-12-03,null,0
xander,swaniawski,doq03lvfe0vbnnd9,franecki-franecki,2019-12-03,null,0
orrin,effertz,njwedlekxn1yaq2g,tillman-tillman,2019-12-03,null,3
trevor,kassulke,iigkhndldx3tzsnn,collins inc,2019-12-03,null,2
bette,luettgen,igxwdc7elgctjw9a,howe-howe,2019-12-03,null,2
art,schmidt,0qu4txfbidzvmbvf,abbott and sons,2019-12-03,null,2
gerson,murphy,ck6dwsumh9gguyrr,bogan-bogan,2019-12-03,null,2
barton,schultz,4kzvqrq1f8c6qytl,kihn-kihn,2019-12-03,null,0
alexanne,wunsch,yp97uqikxr1smz0k,bailey and sons,2019-12-03,null,0
bret,d'amore,jyoly0wntlb0mx2h,ruecker-ruecker,2019-12-03,null,0
rubie,bahringer,domqzimwdypmnjl4,bins and sons,2019-12-03,null,3
furman,kreiger,chr3iefts1uhagnu,sedea,2019-12-03,null,0
carleton,schimmel,llb2co5qrxcq4otl,sedea,2019-12-03,null,2
ladarius,mclaughlin,8sq2jwdngothifq2,sedea,2019-12-03,null,1
jovany,gleichner,crjperjguy13lusj,sedeb,2019-12-03,null,3
kendra,vonrueden,l93j77aoma46ajqn,sedeb,2019-12-03,null,0
willa,ward,fx3tymjbbl8zfbc2,sedeb,2019-12-03,null,3
karli,schamberger,48krsochsz6jtdyk,lowe-lowe,2019-12-03,null,1
imani,weimann,rw7xj4holygezcoz,lowe-lowe,2019-12-03,null,3
kaylin,johns,zyj7ljclvgrrdzo6,lowe-lowe,2019-12-03,null,3
jason,hagenes,dirqzf8jaw2rqcrp,homenick-homenick,2019-12-03,null,1
carlotta,kessler,lbz6v0jdywydp6as,homenick-homenick,2019-12-03,null,0
retha,koch,0rm8jcj5wwqyhapz,homenick-homenick,2019-12-03,null,0
emie,koepp,cw1gnrbi8nxqtngu,mertz llc,2019-12-03,null,0
giovani,halvorson,zernoucbndwjz9mm,mertz llc,2019-12-03,null,2
quentin,satterfield,xa5clvspic9beysp,mertz llc,2019-12-03,null,0
eden,breitenberg,9a5b8vgrxzbeveqg,beier-beier,2019-12-03,null,0
owen,pfeffer,puri7il4qfqnbkny,beier-beier,2019-12-03,null,3
dixie,walter,lb4roi8mj7uyyxyf,beier-beier,2019-12-03,null,3
amie,farrell,gmge4v1go0vhpbou,ebert-ebert,2019-12-03,null,0
erika,hayes,ni0hedgz5wm6zcdd,ebert-ebert,2019-12-03,null,2
moses,ruecker,mrn0y7uee4k6ys2w,ebert-ebert,2019-12-03,null,3
tobin,sporer,pow9qn8ojidtstz1,franecki-franecki,2019-12-03,null,3
pedro,huels,dp99xypdioavqzyn,franecki-franecki,2019-12-03,null,3
nadia,murazik,g63obioeet7hif6b,franecki-franecki,2019-12-03,null,3
clovis,carter,xcithay60fi2aqae,tillman-tillman,2019-12-03,null,1
hyman,dach,7bajuvksmd9xwwyj,tillman-tillman,2019-12-03,null,3
adele,quigley,0bkqgpbm5ryiqyjd,tillman-tillman,2019-12-03,null,2
frederique,kutch,uzmo2i0pv0f29oiq,collins inc,2019-12-03,null,1
carleton,schneider,m5lzwvmblpownem2,collins inc,2019-12-03,null,3
gunner,reynolds,omsfqejonxx4wpy9,collins inc,2019-12-03,null,2
allie,harris,udcpqcxziillk82w,howe-howe,2019-12-03,null,2
burnice,jast,xfcuuenxouktolr1,howe-howe,2019-12-03,null,3
genevieve,emmerich,elqdb7khbrvzggbi,howe-howe,2019-12-03,null,3
bradford,sporer,kmbw7qvymmjxcwg9,abbott and sons,2019-12-03,null,3
aric,bruen,3dmeo0z5eahjncja,abbott and sons,2019-12-03,null,2
annamae,o'reilly,mu3qdmazb6ezz746,abbott and sons,2019-12-03,null,3
jalyn,schimmel,d9j4qtzzfby6zsaz,bogan-bogan,2019-12-03,null,3
domenic,keeling,cmbjclin1jqdkmhr,bogan-bogan,2019-12-03,null,2
keith,bogan,92znozo9gj7xxtp4,bogan-bogan,2019-12-03,null,3
javier,veum,dntntpzivycnx57d,kihn-kihn,2019-12-03,null,3
hilda,daniel,lohohm5rgn6svhlb,kihn-kihn,2019-12-03,null,3
clement,lebsack,57hk9mlczeiedjqv,kihn-kihn,2019-12-03,null,3
rubye,kling,n7rts7vlgpjckp6j,bailey and sons,2019-12-03,null,3
izaiah,johnston,d07pbeosr1n09qh3,bailey and sons,2019-12-03,null,3
francesca,schowalter,vvls0cjl09qqyfa2,bailey and sons,2019-12-03,null,3
sidney,goldner,rv8lkbhpdh1juwtb,ruecker-ruecker,2019-12-03,null,2
audreanne,weissnat,myskl9ja093i990h,ruecker-ruecker,2019-12-03,null,2
german,becker,gqtl6h95wob4oxmm,ruecker-ruecker,2019-12-03,null,3
veronica,mccullough,b4m4ssytktawr8xa,bins and sons,2019-12-03,null,1
jonathan,kassulke,yt89d6xxbvqwi10z,bins and sons,2019-12-03,null,3
elinor,boyer,gdhff8j1huxryg89,bins and sons,2019-12-03,null,1
uriah,feeney,8clwxxyet0d1bpat,hudson-hudson,2019-12-03,null,0
raoul,smith,r97m4dggrohrielh,hudson-hudson,2019-12-03,null,0
sadie,quigley,cg0uqppbcinqg4vc,hudson-hudson,2019-12-03,null,2
harmon,heidenreich,hjmvatruo4lvytkd,kuvalis-kuvalis,2019-12-03,null,2
martin,schulist,ykcfqtwqaqldkjsb,kuvalis-kuvalis,2019-12-03,null,3
vivienne,upton,honzvfawxfrfufxz,kuvalis-kuvalis,2019-12-03,null,3
darby,runte,hcctytuh6uzmknvs,grady-grady,2019-12-03,null,0
eulalia,braun,r22bu0ebhv3yoeyh,grady-grady,2019-12-03,null,2
bethany,hyatt,hkwvwzqynny17d3o,grady-grady,2019-12-03,null,1
cathy,leuschke,bqzqhyxxormddd3j,sedea,2019-12-03,null,0
jayne,keebler,esoleibooix6eysn,sedea,2019-12-03,null,1
gerson,thompson,jvgtalavldo6w7oy,sedea,2019-12-03,null,3
wilfredo,ondricka,ee4xthe4bhgplnv0,sedeb,2019-12-03,null,3
manley,upton,d999z02yhk3gbhfl,sedeb,2019-12-03,null,0
mortimer,koss,jkr7kn4dlvlc9max,sedeb,2019-12-03,null,3
margarita,rippin,nokueupjanfecgng,lowe-lowe,2019-12-03,null,3
obie,legros,gfah5icfdm7eaysc,lowe-lowe,2019-12-03,null,0
alberto,fahey,k5kc8r1ori2aitld,lowe-lowe,2019-12-03,null,1
mohammad,kiehn,f0hndyzmozz2eofc,homenick-homenick,2019-12-03,null,3
vesta,hoeger,ojcxk342kp2wsyzv,homenick-homenick,2019-12-03,null,0
rusty,stiedemann,rgb2zcob5ecukcxe,homenick-homenick,2019-12-03,null,3
margret,gleichner,lnrpa0yisav33s5h,mertz llc,2019-12-03,null,3
twila,shanahan,m1d7rjgowld3hl5n,mertz llc,2019-12-03,null,2
christy,farrell,siiipeejho9svgao,mertz llc,2019-12-03,null,3
jayda,white,sdes8xzfgt0qxuav,beier-beier,2019-12-03,null,0
turner,mueller,ecjxfjpsxdcusl4w,beier-beier,2019-12-03,null,2
albin,block,kekgoakmdb7tc67k,beier-beier,2019-12-03,null,2
bret,corkery,dvow1vmhbivw0618,ebert-ebert,2019-12-03,null,3
elta,bosco,qze6ajjkz2mz46fp,ebert-ebert,2019-12-03,null,3
ivory,hoeger,awjus0oycc97atq7,ebert-ebert,2019-12-03,null,2
electa,monahan,itdip9sf0vrtkh3m,franecki-franecki,2019-12-03,null,1
lera,gerhold,fx1440prwmbxifyu,franecki-franecki,2019-12-03,null,1
antonio,tremblay,j0s9dy4oogyu5x4g,franecki-franecki,2019-12-03,null,0
blake,kuhic,tx1qcgpdjwjncldv,tillman-tillman,2019-12-03,null,2
braeden,towne,2kxwo8nauuumpe64,tillman-tillman,2019-12-03,null,1
madelyn,heidenreich,aafvrawm9779wich,tillman-tillman,2019-12-03,null,3
magdalena,considine,lifsz7gtmsyzdpzz,collins inc,2019-12-03,null,1
logan,dubuque,elmowautzc9qclch,collins inc,2019-12-03,null,0
milan,ankunding,tcdlggqo6yr12gvk,collins inc,2019-12-03,null,0
cornell,feest,gjouk5sgg5x4pkgk,howe-howe,2019-12-03,null,3
alan,schultz,m89sbbzqtwn1hbx6,howe-howe,2019-12-03,null,2
jeremie,balistreri,l1w9lm4e8gisiaxx,howe-howe,2019-12-03,null,2
francisco,pagac,2sdcvkseo2fpgmvl,abbott and sons,2019-12-03,null,3
davion,nikolaus,oqp4rrq7il0hxwcs,abbott and sons,2019-12-03,null,0
lessie,funk,qrivf0j69pjht6xb,abbott and sons,2019-12-03,null,2
shanie,hoppe,tz25yjvzxxhp2w0t,bogan-bogan,2019-12-03,null,1
santa,sipes,dcvpctbkx626k2g5,bogan-bogan,2019-12-03,null,1
maximus,bartoletti,4fdskkkerswy5x2j,bogan-bogan,2019-12-03,null,0
cydney,barton,oo9snrtyu0pmp6lf,kihn-kihn,2019-12-03,null,1
nels,rippin,yqv1o4vnsf5czrrc,kihn-kihn,2019-12-03,null,1
agustin,howe,nxzxc3ayiglkn1ed,kihn-kihn,2019-12-03,null,0
adolphus,walter,htfvltvuok4eqdtz,bailey and sons,2019-12-03,null,0
enoch,beier,niizdfn1hf2i3ona,bailey and sons,2019-12-03,null,2
kaylah,ebert,xdpkucfedxw712r0,bailey and sons,2019-12-03,null,0
noel,corkery,bp82bpyzdbdi8q78,ruecker-ruecker,2019-12-03,null,2
eduardo,fadel,o3nd12rlacuiszfa,ruecker-ruecker,2019-12-03,null,0
georgianna,bosco,6zmwlddqwsvmsn1i,ruecker-ruecker,2019-12-03,null,0
jermaine,thompson,lsa87z0tshcuzpfp,bins and sons,2019-12-03,null,2
major,waelchi,vavdgdabu1dyt0cx,bins and sons,2019-12-03,null,0
keshaun,predovic,pxgpvcwrtccupw62,bins and sons,2019-12-03,null,2
stephania,kerluke,7dlnymuf7ufwefwz,hudson-hudson,2019-12-03,null,0
jeanie,wintheiser,rz4zsrfxoi1hczgj,hudson-hudson,2019-12-03,null,0
birdie,franecki,4ugryidnv4l6izy3,hudson-hudson,2019-12-03,null,2
sydni,nader,oce6p2qg0xywqwpd,kuvalis-kuvalis,2019-12-03,null,3
lauretta,dach,bsbzyyjvr0lfg3y8,kuvalis-kuvalis,2019-12-03,null,2
hubert,wilkinson,f9u69nbkhyr6agqj,kuvalis-kuvalis,2019-12-03,null,3
kayli,bednar,ett0krwtyeajpwuy,grady-grady,2019-12-03,null,0
maybelle,abbott,qj3lgmoveptkbpgh,grady-grady,2019-12-03,null,3
marion,russel,z8mo5lplaijpsayz,grady-grady,2019-12-03,null,2
meda,mueller,ckr7gzhpkaq4kehl,mcdermott-mcdermott,2019-12-03,null,1
katlyn,weber,kvwtuguvkmi1wxml,mcdermott-mcdermott,2019-12-03,null,1
adonis,jenkins,u9bjeyzg3ixwm9hm,mcdermott-mcdermott,2019-12-03,null,0
hilbert,windler,hlujkg8hirihy4im,paucek-paucek,2019-12-03,null,0
reese,ferry,vryz5bwo9c8no0hz,paucek-paucek,2019-12-03,null,1
deonte,stanton,6y5xzh9bv5fsplcv,paucek-paucek,2019-12-03,null,3
modesta,abernathy,kamuahco5ba1gkgq,sedea,2019-12-03,null,3
lola,hand,twv98m6uemdkfnll,sedea,2019-12-03,null,0
maegan,west,ek4p7vf4wiefdir1,sedeb,2019-12-03,null,1
lourdes,wiza,upruwk3a9vangux7,sedeb,2019-12-03,null,0
franz,ortiz,xiwpqnplg1mc9wrf,lowe-lowe,2019-12-03,null,1
celine,goyette,lwpybb0rbi769ekq,lowe-lowe,2019-12-03,null,0
tressie,zulauf,6ee0bl6asqzqolaa,homenick-homenick,2019-12-03,null,2
arielle,lebsack,oev3bn2ewyup5pvs,homenick-homenick,2019-12-03,null,2
cordie,becker,swrtxmfwpgc0sjne,mertz llc,2019-12-03,null,0
loma,spinka,lc8bpxxjqlj215bm,mertz llc,2019-12-03,null,2
evans,kuvalis,dgzes281etiig1np,beier-beier,2019-12-03,null,2
sibyl,weimann,3jwqe2noprdszz3c,beier-beier,2019-12-03,null,1
stacey,hane,k2iaj4gjrwrmty3o,ebert-ebert,2019-12-03,null,0
rebekah,kassulke,rlppiaiudxtxx4oc,ebert-ebert,2019-12-03,null,0
cordie,stehr,hdr3naetndsxmpts,franecki-franecki,2019-12-03,null,3
manuela,kassulke,dwhxqyqguy2hjfvc,franecki-franecki,2019-12-03,null,3
sanford,gleichner,ou8qomg4zbl6n32p,tillman-tillman,2019-12-03,null,0
frederik,gleason,n2mxxg0oxi96qkks,tillman-tillman,2019-12-03,null,1
keyon,crona,h8sjjqdqbfpx3ay7,collins inc,2019-12-03,null,0
tyrel,bode,h5zs1bp4c2kcaz6e,collins inc,2019-12-03,null,3
golden,douglas,we82lwhwdb9tfgxo,howe-howe,2019-12-03,null,2
marisol,stoltenberg,pjtrvolmuitcaqfv,howe-howe,2019-12-03,null,1
gaylord,marquardt,7yown7lmcae801f6,abbott and sons,2019-12-03,null,3
aubrey,blick,lypi9slp09bnaltc,abbott and sons,2019-12-03,null,3
fern,collins,ahnu8mcg0gkcfzfq,bogan-bogan,2019-12-03,null,0
francisco,bartoletti,s3hzzdcvk6z3u4gd,bogan-bogan,2019-12-03,null,3
elnora,okuneva,d1qemkn9q0mtpdkd,kihn-kihn,2019-12-03,null,0
macey,homenick,xhyvqc07mhawtblq,kihn-kihn,2019-12-03,null,0
coleman,runolfsson,jqijkpnjya2njyn1,bailey and sons,2019-12-03,null,0
chaya,pfannerstill,tz4gykliejzhcoy7,bailey and sons,2019-12-03,null,3
vesta,muller,cj6suacmtmuhagpr,ruecker-ruecker,2019-12-03,null,2
monica,kassulke,xgl6lhb8a1sromgy,ruecker-ruecker,2019-12-03,null,2
eli,johnson,jik8xqikgdolregb,bins and sons,2019-12-03,null,1
rod,krajcik,i3zldrjqnxt3g0fb,bins and sons,2019-12-03,null,0
mariela,farrell,sqbbktdpypyiel8x,hudson-hudson,2019-12-03,null,3
libby,fahey,esoulnnoici0obid,hudson-hudson,2019-12-03,null,3
katrina,donnelly,mrqfo9pc5edgibhp,kuvalis-kuvalis,2019-12-03,null,1
loy,braun,zdyslcqgeirkcmfl,kuvalis-kuvalis,2019-12-03,null,3
frances,o'conner,jriogbvwutqz0x60,grady-grady,2019-12-03,null,2
dallas,kassulke,hzm5uxvrbyc5ilzj,grady-grady,2019-12-03,null,1
thelma,bode,cpidi7paelufahmi,mcdermott-mcdermott,2019-12-03,null,3
charlie,bechtelar,d1tnrj1gn5mbucbh,mcdermott-mcdermott,2019-12-03,null,2
wyman,mueller,h4gl29eh4soozcdp,paucek-paucek,2019-12-03,null,0
darlene,thiel,ohymnpt0ax8cl2we,paucek-paucek,2019-12-03,null,1
mohamed,heidenreich,hgnhfvi33dtn5otz,feest-feest,2019-12-03,null,2
dexter,friesen,gwcmnyrrxunwmrwz,feest-feest,2019-12-03,null,0
cortez,kuphal,9bfzg18cdthw1yjz,mayert group,2019-12-03,null,1
raina,kuhn,iq8orblks2v6g2to,mayert group,2019-12-03,null,0
chadrick,streich,0mygcxgm6ngt47jr,sedea,2019-12-03,null,0
kennith,kuvalis,kssmavftqdd615dg,sedeb,2019-12-03,null,2
juwan,dickinson,di4su72zkjbai1zr,lowe-lowe,2019-12-03,null,2
evert,luettgen,57hnmuof12zzzzdm,homenick-homenick,2019-12-03,null,2
vance,barrows,2rngsrmyqgfyg9s7,mertz llc,2019-12-03,null,3
imani,cartwright,lxotklwoqy9zkg5m,beier-beier,2019-12-03,null,2
yvonne,thompson,u7xtrn1chysn7hct,ebert-ebert,2019-12-03,null,0
frances,runolfsson,54o7vrftldhl8ox3,franecki-franecki,2019-12-03,null,3
rubye,vandervort,xthuscqc11qdidns,tillman-tillman,2019-12-03,null,1
yasmin,kuphal,xhtjn7rhrlgqsjav,collins inc,2019-12-03,null,2
adan,bahringer,pthq2wpxhtjpd5ha,howe-howe,2019-12-03,null,3
jude,bernier,vqsfsqgqqvo9sbe5,abbott and sons,2019-12-03,null,1
kaci,mosciski,n7noquqetjprcn2q,bogan-bogan,2019-12-03,null,0
justus,romaguera,jr1ejsszrntkcqvn,kihn-kihn,2019-12-03,null,0
ryley,macgyver,rqoqw5xw1dxaimfk,bailey and sons,2019-12-03,null,3
makayla,price,1axenr4xu128lhoh,ruecker-ruecker,2019-12-03,null,2
emmy,rolfson,102eszpgvk1v8nh5,bins and sons,2019-12-03,null,1
clarabelle,farrell,ik6vbegcabpn9imj,hudson-hudson,2019-12-03,null,0
brielle,effertz,zrinfi1nzpnop8vw,kuvalis-kuvalis,2019-12-03,null,0
shayna,jacobson,cgejzucagbwlyfpj,grady-grady,2019-12-03,null,1
allen,toy,abmkikb0dkewvlo6,mcdermott-mcdermott,2019-12-03,null,0
judah,haag,ueknpgaihgeqm9pm,paucek-paucek,2019-12-03,null,1
dahlia,o'reilly,y0ztsqgnezhl79xo,feest-feest,2019-12-03,null,0
demond,armstrong,wnx94vrs5olju9wi,mayert group,2019-12-03,null,2
ursula,willms,mmb9zdyrd0p2iyk8,schmeler and sons,2019-12-03,null,0
sierra,kertzmann,l7jj1djqxjyududf,sedea,2019-12-03,null,0
chesley,gutmann,fbazndo4t5udup77,sedea,2019-12-03,null,1
zelma,goodwin,i2wejv2gb1kfndqh,sedeb,2019-12-03,null,2
niko,kuphal,dx5wdxdi0eocpd08,sedeb,2019-12-03,null,2
hassie,torphy,p4uanjhipjh3695j,lowe-lowe,2019-12-03,null,3
eric,frami,kucdqhg0yfkfhhwk,lowe-lowe,2019-12-03,null,1
kimberly,legros,t8hbyab65ek4jf1s,homenick-homenick,2019-12-03,null,1
emmalee,reinger,qhzbwbbwdrpvnye5,homenick-homenick,2019-12-03,null,0
rogelio,schinner,8uupapy5rqbqmtnv,mertz llc,2019-12-03,null,3
sarina,schmitt,tb3gctzw3isombmp,mertz llc,2019-12-03,null,2
rae,abshire,bpzhhqyvc1izandi,beier-beier,2019-12-03,null,1
brent,jast,1jasiee9fjuw3mov,beier-beier,2019-12-03,null,0
stanley,lakin,2huwupjo0lqdqlua,ebert-ebert,2019-12-03,null,2
buddy,kemmer,j9p0httr3jk0iqnc,ebert-ebert,2019-12-03,null,0
elmore,cole,gxw4uifgrun2jtjw,franecki-franecki,2019-12-03,null,1
kattie,schuster,tvjpwtpdoneld9hz,franecki-franecki,2019-12-03,null,2
annamarie,waters,xsgunibosy2dizz4,tillman-tillman,2019-12-03,null,0
darien,willms,soy1tn8qpk0altt6,tillman-tillman,2019-12-03,null,3
kaela,marvin,y3jpkzosr0tbtdkg,collins inc,2019-12-03,null,1
dortha,dibbert,1n8hbobqvsu3cmnx,collins inc,2019-12-03,null,1
rey,prohaska,s7bjn8v4tymyypng,howe-howe,2019-12-03,null,3
georgiana,gleason,xfm9j4suogpy63rm,howe-howe,2019-12-03,null,1
bradley,kihn,g8djt4co4ry4d0w6,abbott and sons,2019-12-03,null,3
jane,smitham,qdwiklvlko2uu5r2,abbott and sons,2019-12-03,null,1
camylle,cronin,jw9x6f0ysgvio6q5,bogan-bogan,2019-12-03,null,1
antonietta,mckenzie,iiizxhsxijknbuv8,bogan-bogan,2019-12-03,null,2
kameron,morissette,fyjl62xj3yxl80wd,kihn-kihn,2019-12-03,null,0
esmeralda,bechtelar,tt3n4x13ywlr1xjp,kihn-kihn,2019-12-03,null,3
elliott,jaskolski,xcsam7q0p3iqxmwu,bailey and sons,2019-12-03,2029-12-03,2
odessa,kemmer,pznaaximu42pf3fx,bailey and sons,2019-12-03,null,2
hester,rutherford,h1uqg9yraoyvdzcg,ruecker-ruecker,2019-12-03,null,1
tara,murphy,59vnrsn6muyzbpws,ruecker-ruecker,2019-12-03,null,2
jalen,jones,u1hfuyre9oscee2h,bins and sons,2019-12-03,null,2
charlene,nicolas,6zluzoftxi3dve5r,bins and sons,2019-12-03,null,3
monica,greenholt,xtwphrk3kxwcsexd,hudson-hudson,2019-12-03,null,1
emelie,turcotte,zrwowelbidxkj83t,hudson-hudson,2019-12-03,null,0
stephon,hilpert,juexk9zlroc9dnwv,kuvalis-kuvalis,2019-12-03,null,1
mohamed,von,a60g4cyuswsloxnw,kuvalis-kuvalis,2019-12-03,null,1
keenan,rippin,x4zdtvbq4y6ivdfi,grady-grady,2019-12-03,null,3
angelica,keebler,i4jikz09asltfsf4,grady-grady,2019-12-03,null,2
clifford,yundt,3i93znobqtgvw0ve,mcdermott-mcdermott,2019-12-03,null,2
rey,eichmann,jm9kfw8ly1p6kg9g,mcdermott-mcdermott,2019-12-03,null,2
darion,schaefer,0ke8ybjlnguxix8r,paucek-paucek,2019-12-03,null,3
olen,daugherty,rvj82grv4vx8xcw8,paucek-paucek,2019-12-03,null,1
jamey,dicki,4uttgm0t1mq7hrbl,feest-feest,2019-12-03,null,3
lazaro,boyer,v65zi1ia4h8g7umk,feest-feest,2019-12-03,null,1
kamille,emard,jwcx6dlfszpcjpsr,mayert group,2019-12-03,null,2
savannah,cartwright,l1dplijxo0sdh9vg,mayert group,2019-12-03,null,2
timmothy,ledner,y18ponllknng84mr,schmeler and sons,2019-12-03,null,3
amos,o'keefe,ud2vqetisugagoio,schmeler and sons,2019-12-03,null,3
nestor,pollich,qjhochhzu8gsrqu9,hessel and sons,2019-12-03,null,3
kayla,kshlerin,rpbqfhzor9xadoiw,hessel and sons,2019-12-03,null,0
carolyn,shields,ggdzpfrhgy7adbm2,kilback-kilback,2019-12-03,null,2
samantha,reinger,qnu4kcv31d9wawpo,kilback-kilback,2019-12-03,null,3
vena,vandervort,jlhjshyp1puzt7s3,sedea,2019-12-03,null,1
tressie,hickle,ibetm94o57brspe8,sedea,2019-12-03,null,1
laurence,mertz,ieixo9xtbsldlzqa,sedeb,2019-12-03,null,1
ofelia,balistreri,nr9knfrgugqnv9jk,sedeb,2019-12-03,null,2
donnie,okuneva,rerhxlmiwlc8hipc,lowe-lowe,2019-12-03,null,2
mervin,hartmann,10lw8ra5ldia7pom,lowe-lowe,2019-12-03,null,3
phyllis,terry,rkjix2mfown6iphn,homenick-homenick,2019-12-03,null,0
brannon,feeney,kqjydzchbwxfyple,homenick-homenick,2019-12-03,null,0
aron,lowe,6qrzgqlcuu6ypd7q,mertz llc,2019-12-03,null,2
syble,farrell,ulg1l4bmqstcwpsh,mertz llc,2019-12-03,null,2
anastasia,graham,tbatcqz2ovgs9hd3,beier-beier,2019-12-03,null,1
josiane,jast,xydnrpdiosfhrfms,beier-beier,2019-12-03,null,1
ayla,daugherty,hw40s8njxani1bpg,ebert-ebert,2019-12-03,null,3
hal,douglas,puqvstz5yci7i3wd,ebert-ebert,2019-12-03,null,1
elsa,wyman,allo9rhihrksihis,franecki-franecki,2019-12-03,null,2
emie,blanda,vtuf6ly02mow7fgf,franecki-franecki,2019-12-03,null,1
valerie,lemke,pbbp1btzantlchz9,tillman-tillman,2019-12-03,null,2
bryce,volkman,qblov3cw8tyqrp4n,tillman-tillman,2019-12-03,null,3
miller,wilderman,sosqze5ragasb2cr,collins inc,2019-12-03,null,2
ozella,reichert,oarcevnpf29epzmn,collins inc,2019-12-03,null,0
charlene,lindgren,csmi8tbxa5tkzqqf,howe-howe,2019-12-03,null,2
alayna,rippin,rh3dbbeueoouf5la,howe-howe,2019-12-03,null,1
carey,trantow,y7br9f7ts2lqdpi9,abbott and sons,2019-12-03,null,3
ed,champlin,dveuatqog8gadggr,abbott and sons,2019-12-03,null,3
georgianna,windler,gq3k52hdampsaqbh,bogan-bogan,2019-12-03,null,1
libby,ledner,kp84lgrr4pzvzqx2,bogan-bogan,2019-12-03,null,1
alva,conn,jc9fyiqjclxw8eu9,kihn-kihn,2019-12-03,null,1
katelin,harvey,qsdza0ib5vjwrs98,kihn-kihn,2019-12-03,null,1
stephany,kuhn,hf9yac1ujfrcwltf,bailey and sons,2019-12-03,null,0
gia,reynolds,ftccu6hcxspgtbfg,bailey and sons,2019-12-03,null,2
brant,dicki,qchihpuu83ny8ya9,ruecker-ruecker,2019-12-03,null,3
river,bauch,an4aldjboiayljgo,ruecker-ruecker,2019-12-03,null,0
rick,hoppe,d8taejby8vjk7reb,bins and sons,2019-12-03,null,2
elenor,wiza,pusebbjcteku1auv,bins and sons,2019-12-03,null,0
jayden,cormier,i4mwg0w4gtkdayvj,hudson-hudson,2019-12-03,null,3
marilou,heaney,lx6ivoxjryrexkib,hudson-hudson,2019-12-03,null,3
raheem,prohaska,shkxhjutgvczpzs5,kuvalis-kuvalis,2019-12-03,null,2
estel,larkin,lun7udnekhnh2me6,kuvalis-kuvalis,2019-12-03,null,1
ward,ward,c8iyrgwzr2yexyd0,grady-grady,2019-12-03,null,2
demetris,eichmann,wh1zzy58mhhkeyfo,grady-grady,2019-12-03,null,2
autumn,gaylord,tyufm39e0fajwdsv,mcdermott-mcdermott,2019-12-03,null,1
kiara,kessler,e7byeakkpkui56p5,mcdermott-mcdermott,2019-12-03,null,1
gavin,yundt,sjfu3dw5q8kzrs2h,paucek-paucek,2019-12-03,null,3
helene,russel,8rgfjjtotftuhpr6,paucek-paucek,2019-12-03,null,1
aurelie,oberbrunner,pf5vujb7hzsonruq,feest-feest,2019-12-03,null,0
marlin,davis,pxcipd3ofk0v15e3,feest-feest,2019-12-03,null,3
brandt,lakin,7xbczuekveudthw5,mayert group,2019-12-03,null,0
king,johnson,biot63eiv2w5bfyi,mayert group,2019-12-03,null,0
guillermo,rosenbaum,d8dde7nikpelhhfn,schmeler and sons,2019-12-03,null,2
boyd,rau,mwcnotrvzbly5jj1,schmeler and sons,2019-12-03,null,0
andres,von,wm1vrtevavofsuud,hessel and sons,2019-12-03,null,3
kevin,roberts,ingpjrvcxnu8popt,hessel and sons,2019-12-03,null,1
nella,maggio,euodzugx5b3mbhhl,kilback-kilback,2019-12-03,null,2
ona,beahan,ioii5ltzwnhliqbh,kilback-kilback,2019-12-03,null,2
bernardo,koss,i6jlx5hr5qoaobai,tromp-tromp,2019-12-03,null,2
alaina,paucek,unvjilip4tsylseu,tromp-tromp,2019-12-03,null,0
watson,rolfson,pxsdzddayqg2yuxq,hayes llc,2019-12-03,null,3
philip,rosenbaum,fhrf8f8gmidgu08z,hayes llc,2019-12-03,null,1
coy,gaylord,fzigd0z0gpyw4tgr,sedea,2019-12-03,null,0
henry,krajcik,sye4qtkjhypokgue,sedeb,2019-12-03,null,3
myrtis,cummerata,qbjkbsxbfbuglfgh,lowe-lowe,2019-12-03,null,3
doris,towne,spgkooxte3e6v1kx,homenick-homenick,2019-12-03,null,1
moises,jakubowski,6k0scfadc7e9ykvq,mertz llc,2019-12-03,null,0
darron,fay,kxk9jqfiawdvsl7z,beier-beier,2019-12-03,null,1
bernadine,wunsch,juzbw2tyuaahnnlw,ebert-ebert,2019-12-03,null,3
wanda,littel,wrqa5qoqjuosd87b,franecki-franecki,2019-12-03,null,2
clint,moore,75ryirhoujfzxfam,tillman-tillman,2019-12-03,null,0
woodrow,flatley,hiy2qmzmhioe4shw,collins inc,2019-12-03,null,1
jada,cormier,w3ahg12xtjsyqpwu,howe-howe,2019-12-03,null,3
joe,hackett,zamejigibqqzhxkv,abbott and sons,2019-12-03,null,2
marilyne,koss,nlmkwnp6i9w5smug,bogan-bogan,2019-12-03,null,0
yesenia,weimann,agrhts9wurwfptyl,kihn-kihn,2019-12-03,null,0
junior,greenfelder,fuxrilkqp1osv45a,bailey and sons,2019-12-03,null,0
anastacio,schuster,cuabmgrezji12klp,ruecker-ruecker,2019-12-03,null,3
kacie,herzog,h9zgntbnhpaw62fn,bins and sons,2019-12-03,null,2
baylee,schamberger,mot0thq2jmi76nob,hudson-hudson,2019-12-03,null,3
mable,boyer,l4bcgxxfto5b1yti,kuvalis-kuvalis,2019-12-03,null,1
caroline,lueilwitz,s5g37uekeoi01hms,grady-grady,2019-12-03,null,1
delpha,bergnaum,hltuvfm3ch2ecgxm,mcdermott-mcdermott,2019-12-03,null,2
buck,kuphal,ahu52tx79ydxqovx,paucek-paucek,2019-12-03,null,3
jordyn,schiller,vgklhygv4jimafam,feest-feest,2019-12-03,null,3
raul,gusikowski,yrlpcyyjiwpw9eh8,mayert group,2019-12-03,null,0
melvin,hand,5g2qe1vkd7srh6wu,schmeler and sons,2019-12-03,null,2
jake,kohler,dnx8yes43uyzxixd,hessel and sons,2019-12-03,null,3
candice,conroy,rd9tsy1eo9unqepw,kilback-kilback,2019-12-03,null,1
karlee,armstrong,kyiynzmbfdfjqi5b,tromp-tromp,2019-12-03,null,0
chester,robel,adxknfub72y38pwn,hayes llc,2019-12-03,null,1
johan,wisozk,lrni4u6bhbzz8fav,daugherty inc,2019-12-03,null,2
reinhold,ullrich,adqjnflieysn9lgo,blick llc,2019-12-03,null,1
osvaldo,bernhard,n9ko0jqpc5vchto6,sedea,2019-12-03,null,0
santina,strosin,0dogsxcmpdy3kgs9,sedea,2019-12-03,null,0
letitia,carter,nezyayvu6vcemjd1,sedeb,2019-12-03,null,2
misael,conn,83fnycb4mzyfoj32,sedeb,2019-12-03,null,1
sadie,jones,0x1xtvttliufgwbn,lowe-lowe,2019-12-03,null,2
juliet,volkman,edzrxssqxzqxhmpv,lowe-lowe,2019-12-03,null,1
rocio,auer,hjp4qyalxex7inay,homenick-homenick,2019-12-03,null,3
ocie,schuster,cspdg4kgyxn7mafl,homenick-homenick,2019-12-03,null,1
reanna,prohaska,yhkx0zmsitjxqmf7,mertz llc,2019-12-03,null,2
lexus,gaylord,ka3rmk0pikmr0wst,mertz llc,2019-12-03,null,3
pippo,pluto,qklvkgzwxtp8vgrn,beier-beier,2019-12-03,2029-12-03,2
rupert,franecki,33ewyijgmsiqvdrm,beier-beier,2019-12-03,null,3
lucy,satterfield,h3302pufbsovazwm,ebert-ebert,2019-12-03,null,1
judson,maggio,todfqmma54isk4b5,ebert-ebert,2019-12-03,null,0
kellie,schoen,9puawuob9rbyvaci,franecki-franecki,2019-12-03,null,2
summer,windler,ys5kxpiyc48qwjfq,franecki-franecki,2019-12-03,null,1
elna,volkman,wzxzbnpj0bobtha5,tillman-tillman,2019-12-03,null,2
destany,senger,znqemvkre8593fev,tillman-tillman,2019-12-03,null,1
jadon,kris,pecy9gsqu6bgv7ka,collins inc,2019-12-03,null,0
ima,kreiger,2x0wjcbmxgrjnlgr,collins inc,2019-12-03,null,2
ava,schoen,gxywns9gsimtup55,howe-howe,2019-12-03,null,3
arnold,rohan,dzmryej6ktrfh88b,howe-howe,2019-12-03,null,2
jaunita,zulauf,wugvpjgjdw4ipclo,abbott and sons,2019-12-03,null,1
vivianne,wisoky,4ybqgcscxdq6rry2,abbott and sons,2019-12-03,null,0
wilhelm,robel,ldneloecrk7xzp2s,bogan-bogan,2019-12-03,null,2
tina,stokes,s4xawc3jjedfscfp,bogan-bogan,2019-12-03,null,0
bart,gulgowski,o4dzeuujg5sfwzxs,kihn-kihn,2019-12-03,null,3
stanley,prohaska,zc7ccjfnrgxa36ms,kihn-kihn,2019-12-03,null,2
wendell,haag,iak04n9kkywbfvum,bailey and sons,2019-12-03,null,2
opal,paucek,kb4qhbvmhtaidn9c,bailey and sons,2019-12-03,null,1
amara,smith,dhaygrzpqmhhedwq,ruecker-ruecker,2019-12-03,null,3
reese,spinka,owjrvv2bmyffuv1j,ruecker-ruecker,2019-12-03,null,3
sister,schmitt,ojrt57uyvwrdsvw6,bins and sons,2019-12-03,null,3
armani,wolff,8bz1epoblzsls89k,bins and sons,2019-12-03,null,2
xzavier,lebsack,zhuh2jnwsmuzlkdx,hudson-hudson,2019-12-03,null,3
helga,labadie,yohkgqvm2uv5wee5,hudson-hudson,2019-12-03,null,0
korbin,purdy,cfdyfmqhfgiov53o,kuvalis-kuvalis,2019-12-03,null,0
emmitt,bogisich,jn7rifvv70lrkedc,kuvalis-kuvalis,2019-12-03,null,2
arely,schaden,5d45hlh150t6oiu1,grady-grady,2019-12-03,null,2
keira,hodkiewicz,pzehkw0u0naw8omx,grady-grady,2019-12-03,null,3
rowan,koepp,fqp9rlter1itwl96,mcdermott-mcdermott,2019-12-03,null,1
brandy,kirlin,fmw6r36ldxcz3a2x,mcdermott-mcdermott,2019-12-03,null,0
kurtis,wilderman,dp6t6kyzejdmhjo3,paucek-paucek,2019-12-03,null,1
marilyne,kessler,ng5c84td3zwvxgrj,paucek-paucek,2019-12-03,null,1
catherine,schaden,cqhp0p4l6tu32cgb,feest-feest,2019-12-03,null,0
madisen,funk,9sa3dqyw26bx2q5i,feest-feest,2019-12-03,null,3
josiane,gislason,pzcc3puhrjnb84pl,mayert group,2019-12-03,null,3
torrey,brakus,cgeltpfplfmqbmwx,mayert group,2019-12-03,null,2
dameon,lehner,96oheyvdsa5hyout,schmeler and sons,2019-12-03,null,0
naomie,emmerich,yysbj0tzclzsx2l9,schmeler and sons,2019-12-03,null,1
leila,kub,cfqaqsgsqgmvs6wp,hessel and sons,2019-12-03,null,3
tara,hilll,bsnust3aaxtolr8z,hessel and sons,2019-12-03,null,3
roosevelt,abbott,833boksbqfz3eyb2,kilback-kilback,2019-12-03,null,0
trey,lesch,iqdfba8tgiwfdkev,kilback-kilback,2019-12-03,null,1
vance,lind,6ps1iwiowwwm8fxc,tromp-tromp,2019-12-03,null,0
marley,hermiston,x02wbaivjlkkamab,tromp-tromp,2019-12-03,null,3
casper,stracke,pkpqxtspcgdz4liq,hayes llc,2019-12-03,null,2
verna,bode,msxm7eut6vw3uaw1,hayes llc,2019-12-03,null,0
bobby,morissette,ccmzrzql6r4bop7e,daugherty inc,2019-12-03,null,0
ashton,wiegand,dczx7pazrqoetynh,daugherty inc,2019-12-03,null,1
macy,thompson,bqlyzbfvgtxjfm8x,blick llc,2019-12-03,null,0
valentine,walsh,gvjhqkwo1r3ym2e6,blick llc,2019-12-03,null,1
brenda,beahan,lhqmhytrz44lmyw0,sedea,2019-12-03,null,1
albertha,heathcote,aamc3kkkhlg849mc,sedea,2019-12-03,null,2
madyson,koelpin,edtk4o28lpxymcdb,sedeb,2019-12-03,null,2
keeley,mills,mtnc9g4jjv43yj88,sedeb,2019-12-03,null,0
jameson,lynch,drykvlnpot1ee2ho,lowe-lowe,2019-12-03,null,3
trey,marks,d10s5tpfcydeflds,lowe-lowe,2019-12-03,null,2
virginie,dickinson,0y8yuvc9h48sw8fo,homenick-homenick,2019-12-03,null,3
christ,boehm,gnt4bv156htluz1u,homenick-homenick,2019-12-03,null,2
alexanne,stiedemann,obnop8vgqiihszje,mertz llc,2019-12-03,null,1
arlene,carroll,wrzaaliyt2s0usem,mertz llc,2019-12-03,null,2
modesto,donnelly,pa4zqvjdxfzse9g5,beier-beier,2019-12-03,null,0
kane,heidenreich,ezem0lwcprzsyyjx,beier-beier,2019-12-03,null,1
jaleel,kautzer,vf4jhpv3zpvzg9pp,ebert-ebert,2019-12-03,null,0
sam,mante,myin9af00qjbzseq,ebert-ebert,2019-12-03,null,0
harold,dach,e9hw8b5vrhcyd6yn,franecki-franecki,2019-12-03,null,1
providenci,murray,6hq0usxz2jhcyxjo,franecki-franecki,2019-12-03,null,2
tyrell,feeney,kelx9yqt43wqik9o,tillman-tillman,2019-12-03,null,1
lawson,turcotte,4ipkjhuh7al7cgzd,tillman-tillman,2019-12-03,null,0
ransom,ward,ny1ulink0oj678yb,collins inc,2019-12-03,null,0
macey,runte,l1shqqdyth6woad2,collins inc,2019-12-03,null,0
darrick,russel,yxx3uqtef3fqafwg,howe-howe,2019-12-03,null,0
america,conn,wh1kpcsvtl2h2lmk,howe-howe,2019-12-03,null,1
casimir,padberg,zgu8vkby7fphkjaj,abbott and sons,2019-12-03,null,0
frederick,johnston,yzokfznjfgg3izm1,abbott and sons,2019-12-03,null,3
thea,rippin,ze9smwiimjw5hx1l,bogan-bogan,2019-12-03,null,2
dudley,walsh,6cgwppmkyfkw8unl,bogan-bogan,2019-12-03,null,0
mason,larkin,k91a4wgxnwzx7cwh,kihn-kihn,2019-12-03,null,1
elian,jaskolski,lalazqvsomlrehdf,kihn-kihn,2019-12-03,null,1
phoebe,monahan,irm2ledikmnnmuoi,bailey and sons,2019-12-03,null,3
bridie,o'conner,solj5qaosmk262av,bailey and sons,2019-12-03,null,1
dannie,jenkins,imk9xck7puooyqvo,ruecker-ruecker,2019-12-03,null,2
lelia,lakin,zenoclrkfoq1rckm,ruecker-ruecker,2019-12-03,null,1
monique,beier,iaady2i5zfpihoxn,bins and sons,2019-12-03,null,3
mervin,walker,kpevg057nlm1qjs8,bins and sons,2019-12-03,null,2
elton,christiansen,tqwu8yelb6p2um8m,hudson-hudson,2019-12-03,null,0
joseph,rau,o8okpak7loamr6gx,hudson-hudson,2019-12-03,null,0
krystina,mclaughlin,sxnqfg6bih7vafgs,kuvalis-kuvalis,2019-12-03,null,3
alize,corkery,2pcv9kgbw3033obm,kuvalis-kuvalis,2019-12-03,null,0
jorge,gleason,bgkglsccbvtal1lj,grady-grady,2019-12-03,null,3
dee,medhurst,zx5ntckbj4lv3a2i,grady-grady,2019-12-03,null,3
jaylon,jerde,yqofsbpxn5izdtzz,mcdermott-mcdermott,2019-12-03,null,3
hershel,feest,0wvlt9tg3wszggfq,mcdermott-mcdermott,2019-12-03,null,2
arne,torphy,haruo7130tm3y3rg,paucek-paucek,2019-12-03,null,0
zander,willms,cnqcjhfoaolu2i31,paucek-paucek,2019-12-03,null,0
name,bernhard,6uz1i21xcinf7iog,feest-feest,2019-12-03,null,2
millie,armstrong,nztpkjqvdxm3a2bc,feest-feest,2019-12-03,null,1
alford,lindgren,tkeenanx0wiv0zj9,mayert group,2019-12-03,null,3
maxime,osinski,mbb6wnoloysxwd4o,mayert group,2019-12-03,null,1
tamara,bartell,2gso1navw2c4vexz,schmeler and sons,2019-12-03,null,3
giuseppe,halvorson,hxp1dw64wq0u5tmv,schmeler and sons,2019-12-03,null,1
wade,renner,qavqqhcsb53478xf,hessel and sons,2019-12-03,null,3
dianna,swaniawski,t3lmiadovqvoas9v,hessel and sons,2019-12-03,null,0
trycia,nolan,t9oagccechwd8xwx,kilback-kilback,2019-12-03,null,0
cruz,becker,rmhg5zujxvwg9izv,kilback-kilback,2019-12-03,null,3
oral,cremin,w788hop7dr90scs7,tromp-tromp,2019-12-03,null,2
brandy,schneider,9rdhhppqp6kdgrrq,tromp-tromp,2019-12-03,null,2
rosemarie,nader,lvub5wdau2xutvvl,hayes llc,2019-12-03,null,1
toney,nader,3wt3kwji4j4yq6bp,hayes llc,2019-12-03,null,2
lucie,blick,bchjxjyply8dqqif,daugherty inc,2019-12-03,null,2
annette,stiedemann,lmtpyom4dutfvgxz,daugherty inc,2019-12-03,null,2
jana,fadel,9ypx4dmqay8o7kzf,blick llc,2019-12-03,null,2
jordyn,rosenbaum,adnvuojnwofexsu9,blick llc,2019-12-03,null,3
noemie,runte,atungghf9zyv0iof,macejkovic-macejkovic,2019-12-03,null,0
enid,lindgren,c2jx8lowseahavkx,macejkovic-macejkovic,2019-12-03,null,3
cierra,littel,7d9dtfwprqn6id70,hansen inc,2019-12-03,null,0
rhea,prosacco,978lwgnnpvj4zz1h,hansen inc,2019-12-03,null,1
ethyl,oberbrunner,wohgzvetbytwv8wj,sedea,2019-12-03,null,2
jeremy,kshlerin,cwhgmbkmknzjeafh,sedea,2019-12-03,null,0
jewell,weimann,wvj2ytsacceacj8m,sedea,2019-12-03,null,2
jaylin,schowalter,cokb7nzl6hixojzz,sedeb,2019-12-03,null,2
meggie,nienow,cevenbukwzteqage,sedeb,2019-12-03,null,3
kyle,schowalter,q6odiximqtft26b5,sedeb,2019-12-03,null,2
eldridge,morissette,mky6sczrhsj4ndxv,lowe-lowe,2019-12-03,null,3
chandler,lemke,m0bmjha2nhnrbryl,lowe-lowe,2019-12-03,null,2
broderick,mccullough,m2henobtrgbgg3zn,lowe-lowe,2019-12-03,null,1
karl,bauch,9o0mcf5pauxke9wf,homenick-homenick,2019-12-03,null,1
margarete,cummerata,lrx5k07yhmhg4o4j,homenick-homenick,2019-12-03,null,1
vivien,thiel,gyuoeykp9d1868zf,homenick-homenick,2019-12-03,null,0
loyal,hills,xbjahspxd7jiywxj,mertz llc,2019-12-03,null,0
dorian,ratke,xnvfv0s3grttdxbi,mertz llc,2019-12-03,null,1
lilliana,graham,wguixhrmhfiylhau,mertz llc,2019-12-03,null,1
eleonore,jacobs,zmr7kmeii540lae8,beier-beier,2019-12-03,null,3
brionna,o'kon,yj9bqefakwmmgbjf,beier-beier,2019-12-03,null,2
sibyl,mcglynn,7oryvk5iaysenqsp,beier-beier,2019-12-03,null,2
beth,kuvalis,i1o0skfoaxws9py9,ebert-ebert,2019-12-03,null,0
tyra,tremblay,2eaoe2w3uiqhwl1b,ebert-ebert,2019-12-03,null,0
felix,harber,jcwm4khqdttudxqi,ebert-ebert,2019-12-03,null,3
beau,mcdermott,dvgh4yvqto4nkr3i,franecki-franecki,2019-12-03,null,2
lourdes,sawayn,rvksovydejlqqwy3,franecki-franecki,2019-12-03,null,3
camryn,kirlin,zvso0imshxdv3wwo,franecki-franecki,2019-12-03,null,0
estella,miller,gs4hwsbbct5t33dp,tillman-tillman,2019-12-03,null,0
leonel,stokes,umgdnglcducmzb2s,tillman-tillman,2019-12-03,null,1
ludie,rath,ydoaymevqgraex45,tillman-tillman,2019-12-03,null,0
deven,vonrueden,g9orz2wj7zsssyk2,collins inc,2019-12-03,null,3
seamus,ritchie,inwr86c12cf6rvby,collins inc,2019-12-03,null,1
miller,herzog,zuqngjwmu3ocwssj,collins inc,2019-12-03,null,3
jaycee,herman,honp0dsecbk8ujie,howe-howe,2019-12-03,null,1
breana,veum,6doj1wu6j9panbuj,howe-howe,2019-12-03,null,3
aida,cartwright,hlnxubso9xvlfgzs,howe-howe,2019-12-03,null,0
bulah,halvorson,whvoekxorolxhwoz,abbott and sons,2019-12-03,null,1
corine,koch,y6j8btygvvvji88p,abbott and sons,2019-12-03,null,1
retha,pfeffer,azylbxxnemfozaz0,abbott and sons,2019-12-03,null,3
graciela,wolf,szgzyp7hxwrmagez,bogan-bogan,2019-12-03,null,0
neva,littel,vevrd1jrl1yqup2p,bogan-bogan,2019-12-03,null,0
gus,schowalter,l3vnmrxiahxzsdo9,bogan-bogan,2019-12-03,null,0
wanda,greenholt,mswwsopytwcrz03o,kihn-kihn,2019-12-03,null,3
bernard,simonis,bm1fhrr1xhe4hy4f,kihn-kihn,2019-12-03,null,1
isac,greenfelder,vpfnl0jth5bs4tyw,kihn-kihn,2019-12-03,null,3
edwardo,senger,ywciybkupskyo6bg,bailey and sons,2019-12-03,null,1
sasha,renner,hn78rdaejkys3ot3,bailey and sons,2019-12-03,null,0
bill,denesik,dvwltlgswlluopm1,bailey and sons,2019-12-03,null,1
ayana,conn,zd9dd3uhwpltzpz1,ruecker-ruecker,2019-12-03,null,1
ozzie,schultz,b8vxnybqmzoxexn0,ruecker-ruecker,2019-12-03,null,0
brendan,braun,mlwyvz4aedu4lthd,ruecker-ruecker,2019-12-03,null,3
isaias,dibbert,pnecnllpswsrkiq2,bins and sons,2019-12-03,null,0
julio,hermiston,bbqqcvilrmdhi795,bins and sons,2019-12-03,null,2
nayeli,schroeder,epokgvd0hhc0mpv9,bins and sons,2019-12-03,null,1
xavier,o'conner,nullj5jbigbda6gm,hudson-hudson,2019-12-03,null,2
rory,boehm,bltdzdbsvui8oryo,hudson-hudson,2019-12-03,null,0
deborah,white,c26xo0ig1qdx55rh,hudson-hudson,2019-12-03,null,3
lucy,greenholt,slt9s7stil2oc16d,kuvalis-kuvalis,2019-12-03,null,0
deanna,medhurst,zzb4psowabtjfs5w,kuvalis-kuvalis,2019-12-03,null,1
brady,anderson,2bvylu3fz8y4jjjq,kuvalis-kuvalis,2019-12-03,null,1
neil,kohler,dblditflj8vhmrih,grady-grady,2019-12-03,null,2
oscar,moen,djxawggghsceeaft,grady-grady,2019-12-03,null,0
alec,frami,2vv6xo5fjqe82wyj,grady-grady,2019-12-03,null,0
thelma,erdman,bezbcthj7jfinr1n,mcdermott-mcdermott,2019-12-03,null,1
norene,frami,uxzztlvbftf9cdhb,mcdermott-mcdermott,2019-12-03,null,2
keith,aufderhar,ok5lfq6bcai3i53g,mcdermott-mcdermott,2019-12-03,null,2
kobe,anderson,tdc2dggoxpzzkp5z,paucek-paucek,2019-12-03,null,1
edison,bernier,fyvzpv13yhpeuxys,paucek-paucek,2019-12-03,null,1
neha,herman,wf0eup6cqezsrzlr,paucek-paucek,2019-12-03,null,1
zoie,shanahan,ohbisf0qasnlqnj8,feest-feest,2019-12-03,null,1
litzy,veum,wo1nxmonzrkrs8z4,feest-feest,2019-12-03,null,3
watson,macgyver,hlmornvwdufoqy81,feest-feest,2019-12-03,null,0
marcelina,grimes,rs4zujzjoylmbirf,mayert group,2019-12-03,null,3
katherine,kautzer,bvccljiyyjlozonx,mayert group,2019-12-03,null,1
celestine,greenholt,aaf05rqasvpauuee,mayert group,2019-12-03,null,1
reinhold,cummings,lpdyuyau4zevaeo3,schmeler and sons,2019-12-03,null,1
bobbie,rohan,698fpwbnqpleaut0,schmeler and sons,2019-12-03,null,3
dell,kub,t9no5znzluvvfqk9,schmeler and sons,2019-12-03,null,3
crystel,hettinger,e9stlxbr49gtabpp,hessel and sons,2019-12-03,null,2
tanner,emmerich,fnckph7xjsh1lmyo,hessel and sons,2019-12-03,null,1
freddy,russel,zqfcaouomrzjown2,hessel and sons,2019-12-03,null,3
davion,leffler,41nfebzmdyhe2dix,kilback-kilback,2019-12-03,null,2
mekhi,gusikowski,mn2xxckqjeans06d,kilback-kilback,2019-12-03,null,1
dulce,kuvalis,hohjfdkn0haswnbv,kilback-kilback,2019-12-03,null,2
easter,kuhlman,d0vkrnk5vpogxdav,tromp-tromp,2019-12-03,null,3
eleanore,hammes,zlgmfodkqhnl9z7n,tromp-tromp,2019-12-03,null,2
helen,sauer,8h2hebwvurswgcta,tromp-tromp,2019-12-03,null,3
amparo,morar,gsy5erosjcs5b9ft,hayes llc,2019-12-03,null,2
mike,leannon,p3opq7y4pnunrxbw,hayes llc,2019-12-03,null,0
kade,ferry,xndrmfdmazn8um4h,hayes llc,2019-12-03,null,0
anastasia,breitenberg,yvgxbsc1tlokz6wt,daugherty inc,2019-12-03,null,1
jeremie,windler,ns60btbem4ilc8zv,daugherty inc,2019-12-03,null,2
maymie,haley,zfxev5euugixcad0,daugherty inc,2019-12-03,null,1
mylene,brown,h8qqqscada3xedku,blick llc,2019-12-03,null,2
freeda,gaylord,ro5t7bpmz5zoda33,blick llc,2019-12-03,null,3
roberta,dooley,h2extds4tcvimsih,blick llc,2019-12-03,null,3
zaria,ratke,h2p66vtzi2uxznsq,macejkovic-macejkovic,2019-12-03,null,0
celine,christiansen,vzjzyovvtkhjkvw9,macejkovic-macejkovic,2019-12-03,null,2
brian,ritchie,hodaumwe0dsuwvxm,macejkovic-macejkovic,2019-12-03,null,0
johan,o'kon,hzo55ds89lotuqev,hansen inc,2019-12-03,null,0
darrick,bayer,kppuicuozuso6fp9,hansen inc,2019-12-03,null,2
carol,marvin,fbn9knmx5uxtuw29,hansen inc,2019-12-03,null,2
amira,bergstrom,blqyi1frhc782jzt,greenholt-greenholt,2019-12-03,null,1
lindsey,heidenreich,pvra6r13sdrfbjas,greenholt-greenholt,2019-12-03,null,0
damian,torphy,gpa3aomwx7yudr43,greenholt-greenholt,2019-12-03,null,3
cynthia,kemmer,y0nj3kxneu6dgigg,brekke and sons,2019-12-03,null,3
meggie,kovacek,wc5scgselmlmyknr,brekke and sons,2019-12-03,null,0
adrianna,swaniawski,hedgfnj7pclbcq0r,brekke and sons,2019-12-03,null,2
baby,zulauf,qbwmgop86j9oyyot,schowalter-schowalter,2019-12-03,null,1
zena,schuster,84ivf335889rackw,schowalter-schowalter,2019-12-03,null,2
chesley,cole,28lqhmf8smicdisa,schowalter-schowalter,2019-12-03,null,2
buddy,conn,verdhlvwrt0ma9pj,sedea,2019-12-03,null,1
camden,pouros,vl00upyvqbtlbshe,sedea,2019-12-03,null,3
amely,mccullough,boa3qgwokry5dszo,sedeb,2019-12-03,null,0
lance,romaguera,vdsadacfnzqlrxx5,sedeb,2019-12-03,null,3
cindy,klein,l2ooelxbhk5uhttx,lowe-lowe,2019-12-03,null,0
waldo,vandervort,as0z9nhw83mkb6sq,lowe-lowe,2019-12-03,null,2
buddy,turner,rv2irc18uon6lvj0,homenick-homenick,2019-12-03,null,1
kattie,hartmann,ngytrxlt3krcsful,homenick-homenick,2019-12-03,null,2
antoinette,hirthe,juwwdpvok4yilneg,mertz llc,2019-12-03,null,2
jalon,effertz,86buz4iaiwbizqr2,mertz llc,2019-12-03,null,1
madilyn,pfannerstill,jovsoqlxaq503jsh,beier-beier,2019-12-03,null,1
kyle,stroman,mgdpkhlqggqvcxb2,beier-beier,2019-12-03,null,0
rashawn,kilback,1l7zpq5q3wi7oyjr,ebert-ebert,2019-12-03,null,0
lia,berge,dfuxpdmjfmxnoesl,ebert-ebert,2019-12-03,null,3
shad,powlowski,tljbg8bwfbfufukl,franecki-franecki,2019-12-03,null,2
eryn,rutherford,35qtqzno8ao9dgiz,franecki-franecki,2019-12-03,null,1
halle,skiles,xqrsc02gmpitqtvj,tillman-tillman,2019-12-03,null,3
lizeth,nienow,vdp6gwqoebo7410k,tillman-tillman,2019-12-03,null,0
shyann,o'reilly,l4meb89iiyzjo0zi,collins inc,2019-12-03,null,1
tyshawn,stracke,v4twor7vsvjoyiih,collins inc,2019-12-03,null,1
lea,mcclure,cgzar9ks7asq0bdx,howe-howe,2019-12-03,null,0
laurine,steuber,1rlye3ydzgsehsmo,howe-howe,2019-12-03,null,0
ignatius,grady,1itrqgupkdc9uxcj,abbott and sons,2019-12-03,null,0
hector,macgyver,8hh29oweecyrvran,abbott and sons,2019-12-03,null,2
colten,christiansen,0n6qbhrsdkhneekr,bogan-bogan,2019-12-03,null,2
anita,turcotte,2ez5pepazemgmi5x,bogan-bogan,2019-12-03,null,3
karl,zemlak,gsy8zg84krtbtlvs,kihn-kihn,2019-12-03,null,1
camille,hammes,s1bj6rfqygeoubnd,kihn-kihn,2019-12-03,null,0
webster,graham,u6rklyqrq3ks4yfh,bailey and sons,2019-12-03,null,1
judy,bailey,ksobjr4qqtiffv6p,bailey and sons,2019-12-03,null,1
myrtice,crist,36kuafony5q9m6mc,ruecker-ruecker,2019-12-03,null,0
monty,mohr,7pnbwmy7aprdldhc,ruecker-ruecker,2019-12-03,null,2
abigale,kilback,taeslr5v4qewdk6k,bins and sons,2019-12-03,null,0
shirley,bode,sp3vwtdcllj2lrsu,bins and sons,2019-12-03,null,0
clotilde,skiles,vaevmkrq2fc945ts,hudson-hudson,2019-12-03,null,3
theodora,simonis,zqx6cfgf4cimgn0o,hudson-hudson,2019-12-03,null,2
bette,nikolaus,y5venweslbafselr,kuvalis-kuvalis,2019-12-03,null,3
jimmy,goodwin,bpdltmuoydx4pxdg,kuvalis-kuvalis,2019-12-03,null,2
beulah,littel,tylz1crzzdc8j3wn,grady-grady,2019-12-03,null,2
addie,feil,yy4pwguzpmpqjflz,grady-grady,2019-12-03,null,0
pearl,metz,8wytmkmzmmqxanx7,mcdermott-mcdermott,2019-12-03,null,1
gabriella,weber,qj3pykc1sbbnnssl,mcdermott-mcdermott,2019-12-03,null,0
elyssa,o'conner,4dxlr7aycq1j2dki,paucek-paucek,2019-12-03,null,1
lavonne,homenick,llx60fmeqncks1yz,paucek-paucek,2019-12-03,null,3
euna,kulas,wj3xi5lhk6x3jcyw,feest-feest,2019-12-03,null,1
filiberto,jacobi,922taqal9g3ozzqy,feest-feest,2019-12-03,null,1
cicero,turcotte,oc8fguqsehsiklma,mayert group,2019-12-03,null,2
verda,miller,zmqdyk5zogiothhf,mayert group,2019-12-03,null,3
mia,bruen,tq5e7zxvlsvquac4,schmeler and sons,2019-12-03,null,0
elody,runolfsson,8y74hkcess76dild,schmeler and sons,2019-12-03,null,3
ola,schaefer,gqhth58d6yhdb5ye,hessel and sons,2019-12-03,null,3
judah,bosco,oc2vsikbyrmwb2lg,hessel and sons,2019-12-03,null,1
kaitlyn,hegmann,jklhwmolz4rusayb,kilback-kilback,2019-12-03,null,2
virginia,lockman,jedegr6clw7urfil,kilback-kilback,2019-12-03,null,2
cortez,schuppe,cssh57g88hh89jxi,tromp-tromp,2019-12-03,null,2
eldridge,hodkiewicz,0oww3buyjecyizbu,tromp-tromp,2019-12-03,null,3
kolby,o'hara,3hu9jhjah4ytaljt,hayes llc,2019-12-03,null,0
brennon,walsh,qaf0fjybu6ala1hw,hayes llc,2019-12-03,null,2
domenico,barrows,lgatrmycm3eubems,daugherty inc,2019-12-03,null,3
bethel,ryan,horafgrtkdpjyrtq,daugherty inc,2019-12-03,null,1
ova,marvin,x60zuv7kvui3xyxm,blick llc,2019-12-03,null,1
kyler,crooks,cnq5ppqpznyac5ms,blick llc,2019-12-03,null,1
dedrick,bauch,pbsnrpjktk2ohcvs,macejkovic-macejkovic,2019-12-03,null,0
ahmed,tillman,u6va7kw2jpbezbpo,macejkovic-macejkovic,2019-12-03,null,1
bailey,little,effgv8geurduvhll,hansen inc,2019-12-03,null,3
demarcus,kassulke,fzuusqts9zwumtxp,hansen inc,2019-12-03,null,1
sylvan,schuppe,o1ifspgidm1mzkow,greenholt-greenholt,2019-12-03,null,2
darren,marquardt,sxi9bqv102q20764,greenholt-greenholt,2019-12-03,null,0
felicia,adams,pfjgysivzeid4drh,brekke and sons,2019-12-03,null,0
gennaro,schmeler,ccgzriulhtzvdtrv,brekke and sons,2019-12-03,null,3
percival,o'keefe,e5glcea0pwqsasxf,schowalter-schowalter,2019-12-03,null,0
amya,hessel,drtasfndhdiwsuvk,schowalter-schowalter,2019-12-03,null,0
eldora,o'kon,vcunbclgwncllafe,reinger and sons,2019-12-03,null,0
mireya,windler,ckh3gdgovvmeceqc,reinger and sons,2019-12-03,null,2
curt,bode,ikmyiii9fibkmper,fritsch inc,2019-12-03,null,1
daphney,will,ffq7u8esiu3sv6kg,fritsch inc,2019-12-03,null,1
bridie,o'connell,whwniaq53nciqih2,fahey-fahey,2019-12-03,null,1
elmore,frami,0xfczm2cveyn5tpu,fahey-fahey,2019-12-03,null,0
brianne,connelly,8gko5roclz0wfuri,sedea,2019-12-03,null,3
gonzalo,miller,ef7ssyhkm4tkwd3m,sedea,2019-12-03,null,0
brent,quigley,gspusndtgribpjkq,sedea,2019-12-03,null,0
janessa,schuster,cjsbsx48dojtljhf,sedeb,2019-12-03,null,3
annamarie,hartmann,2ptresazcldacodw,sedeb,2019-12-03,null,2
nicole,rippin,0qbrditiz4daau5w,sedeb,2019-12-03,null,0
shemar,schuster,rjbefmsf5qokf5ta,lowe-lowe,2019-12-03,null,0
laurence,kub,zrs63mjpfx4znzi2,lowe-lowe,2019-12-03,null,2
kolby,dooley,2s484douujy5uxdo,lowe-lowe,2019-12-03,null,2
toni,wilkinson,lt1vevsmrlqkxnhg,homenick-homenick,2019-12-03,null,2
kian,douglas,9xahgkkcurqeqlvc,homenick-homenick,2019-12-03,null,2
kimberly,kuhlman,pf5et8v97o0txznl,homenick-homenick,2019-12-03,null,3
autumn,dare,c9nzqcdfxmiirgc2,mertz llc,2019-12-03,null,2
iva,heller,2a1kcfj3kwxd29iz,mertz llc,2019-12-03,null,3
carmel,waters,9dwhtjvxa5n6xd8e,mertz llc,2019-12-03,null,2
brooks,hermiston,rnlkkh1fjkrgivzd,beier-beier,2019-12-03,null,1
erin,cummings,vhm8scdnqavxi0es,beier-beier,2019-12-03,null,0
keshaun,haag,jhk3cm2nc8dpnzfb,beier-beier,2019-12-03,null,3
vivien,williamson,9zezgy7hzzj4cng0,ebert-ebert,2019-12-03,null,0
aiden,rice,njbhi21zfpw6syph,ebert-ebert,2019-12-03,null,2
ephraim,metz,crmbk69psgiwshx2,ebert-ebert,2019-12-03,null,3
caesar,nolan,vydrv1394li6lhxr,franecki-franecki,2019-12-03,null,0
clay,rippin,89qfvt9dzxopdhdm,franecki-franecki,2019-12-03,null,2
clair,lang,dts2k2flmyj7wwjg,franecki-franecki,2019-12-03,null,1
sydnee,hettinger,frcs5ot5tbqs2lcd,tillman-tillman,2019-12-03,null,2
lacey,grady,vbafzz0ucex3ruyb,tillman-tillman,2019-12-03,null,1
adolf,stark,deflsv05pgfo97wu,tillman-tillman,2019-12-03,null,3
alexie,predovic,e0a8jj1bglyi11xl,collins inc,2019-12-03,null,3
newton,ratke,8nemnuk3eqoq0ihu,collins inc,2019-12-03,null,0
willow,mayer,dc7nkipefx2u9y9c,collins inc,2019-12-03,null,1
tristian,bartoletti,gjdxjsvt711zb29g,howe-howe,2019-12-03,null,3
ottis,hermann,dbnzykmumzt0wsn6,howe-howe,2019-12-03,null,1
stacey,dicki,boi2x753hd49se8h,howe-howe,2019-12-03,null,0
giles,kunde,crlezgs66bkb5het,abbott and sons,2019-12-03,null,1
demetrius,kovacek,y4su4atb7a0sk4qw,abbott and sons,2019-12-03,null,3
deion,fahey,llqkag2foqephn8w,abbott and sons,2019-12-03,null,3
seth,bergstrom,kpxr4haojj25g3j9,bogan-bogan,2019-12-03,null,1
darron,larkin,4wwtesocplbswrun,bogan-bogan,2019-12-03,null,1
rhianna,kutch,f0tbidbcmnwwugmh,bogan-bogan,2019-12-03,null,2
freddy,schimmel,ykpsk6cbaep6cyjw,kihn-kihn,2019-12-03,null,1
afton,lakin,nlhfil5rprimx1tl,kihn-kihn,2019-12-03,null,1
anissa,gleason,hjmku5sguind8z1i,kihn-kihn,2019-12-03,null,0
consuelo,king,txoba4nb6kn8uxic,bailey and sons,2019-12-03,null,2
joyce,wehner,cd24tbagc8eedcgb,bailey and sons,2019-12-03,null,2
jeffry,ryan,voi4lmksqi1ayrkp,bailey and sons,2019-12-03,null,3
alvah,greenholt,xstdgwtqd1pzunjb,ruecker-ruecker,2019-12-03,null,3
joesph,maggio,ervg5mxuupelzri4,ruecker-ruecker,2019-12-03,null,0
maida,hettinger,y5yyhuisvggtnh6o,ruecker-ruecker,2019-12-03,null,3
shaun,jacobs,2iwrifksicdydatz,bins and sons,2019-12-03,null,2
carolyne,wolf,b12fvrlpyt1hgrej,bins and sons,2019-12-03,null,1
isabell,wolf,dbhn0z7tagf0qnjv,bins and sons,2019-12-03,null,2
pippo,pluto,nx6ansuolisvfrkl,hudson-hudson,2019-12-03,2029-12-03,2
kimberly,schmeler,5tl26uivzf4sas7g,hudson-hudson,2019-12-03,null,2
olin,feil,wni6w1rjdkdlpdux,hudson-hudson,2019-12-03,null,1
celine,denesik,gcga0rgtj4ms3nrl,kuvalis-kuvalis,2019-12-03,null,0
brenden,hodkiewicz,0w74gcoimach2n1n,kuvalis-kuvalis,2019-12-03,null,3
fabiola,brakus,px56r9cdjivknhns,kuvalis-kuvalis,2019-12-03,null,1
brian,bernhard,dgdmvcv8evldurve,grady-grady,2019-12-03,null,3
jennifer,champlin,dty4pyzfmy0xpvru,grady-grady,2019-12-03,null,3
anthony,dicki,8avqhckfzfm1m1zg,grady-grady,2019-12-03,null,3
freida,skiles,tmmom16i23gcsrvv,mcdermott-mcdermott,2019-12-03,null,2
marlin,nitzsche,kyuxrpdoog0tkwpg,mcdermott-mcdermott,2019-12-03,null,0
chanelle,abernathy,buocetogjcau4aoz,mcdermott-mcdermott,2019-12-03,null,1
mallie,abbott,fpunlrc2j43fwrrl,paucek-paucek,2019-12-03,null,3
brandt,renner,h6e52r9w0h0pht6i,paucek-paucek,2019-12-03,null,3
jalon,pouros,jb8bqysvgdpo3yup,paucek-paucek,2019-12-03,null,1
audie,koepp,kl8tkom5r0f6omdk,feest-feest,2019-12-03,null,0
dale,bogan,6bxqoyrgxqhxvr6r,feest-feest,2019-12-03,null,2
aimee,kunze,hcpm1kghizsdxpec,feest-feest,2019-12-03,null,3
virgil,feeney,dx7rsm2shncwojwn,mayert group,2019-12-03,null,1
jeramy,schmitt,v3mk3srjv2yrjbgk,mayert group,2019-12-03,null,0
franz,robel,62bbmx2uemkcltnr,mayert group,2019-12-03,null,0
marianne,feeney,otsq1k66t6moy94p,schmeler and sons,2019-12-03,null,1
edna,reichel,e3mrtz1bqkweosna,schmeler and sons,2019-12-03,null,3
lucile,schmitt,hicrkfcifeopf6aj,schmeler and sons,2019-12-03,null,1
kitty,johnston,agkus3aj0bnqzkm1,hessel and sons,2019-12-03,null,2
jamie,abernathy,v8fptd23ecyu0sdm,hessel and sons,2019-12-03,null,3
isom,turcotte,qxnlg2flfkgjor8s,hessel and sons,2019-12-03,null,3
emil,feeney,i8jrkiuurpxdd9f0,kilback-kilback,2019-12-03,null,2
makenna,abshire,dsfvtqac5jbxvkdr,kilback-kilback,2019-12-03,null,3
joannie,zboncak,nzu45qiobks95vlk,kilback-kilback,2019-12-03,null,0
annabelle,bernier,twzwsfivyzks6w6l,tromp-tromp,2019-12-03,null,1
terence,wehner,achpozjds40f93dc,tromp-tromp,2019-12-03,null,0
jaqueline,marks,enteewdagnxr1mku,tromp-tromp,2019-12-03,null,1
delfina,buckridge,obsrvthdkck56aat,hayes llc,2019-12-03,null,0
lyda,luettgen,qjgxjf7xp6w2aeja,hayes llc,2019-12-03,null,3
aryanna,kautzer,q558c7xq2hgo7ttn,hayes llc,2019-12-03,null,3
angelina,bins,tbg10szwq6o3ffcz,daugherty inc,2019-12-03,null,3
velda,aufderhar,0bictxu7kviwiox3,daugherty inc,2019-12-03,null,1
mandy,hilll,bjb5w7oguah4osua,daugherty inc,2019-12-03,null,1
hilton,hoeger,pxwg6zrcxqoi5sbj,blick llc,2019-12-03,null,2
carmella,satterfield,opfdebzy78skq694,blick llc,2019-12-03,null,1
marc,bauch,9b2maonez6scw1nh,blick llc,2019-12-03,null,3
althea,kuhic,2w5e0hppndmgtlps,macejkovic-macejkovic,2019-12-03,null,1
hershel,fadel,vxpyhcsercfmqyzh,macejkovic-macejkovic,2019-12-03,null,0
crystel,hilpert,sxadhomin2w9hvmb,macejkovic-macejkovic,2019-12-03,null,1
delia,lemke,hbkrtaflfaglel9k,hansen inc,2019-12-03,null,1
rowland,beer,uaipnml0pnjkehnu,hansen inc,2019-12-03,null,1
claudie,turner,mllmvofgc9zyleow,hansen inc,2019-12-03,null,2
leo,quitzon,rirlrnjkkvpmyhdn,greenholt-greenholt,2019-12-03,null,3
erwin,walker,enx477ff1e3h51qz,greenholt-greenholt,2019-12-03,null,2
melyna,gutkowski,zq1sopinkhyjuesl,greenholt-greenholt,2019-12-03,null,2
gaylord,wolff,pxm8chd0mfoy5px6,brekke and sons,2019-12-03,null,3
otis,miller,q28kpgmksixro6na,brekke and sons,2019-12-03,null,0
itzel,wolff,6ohawtkgazdp0auu,brekke and sons,2019-12-03,null,0
terrill,glover,ngsxsiksi5l6nhyn,schowalter-schowalter,2019-12-03,null,0
bonita,blanda,kkeutwtr2fzhompz,schowalter-schowalter,2019-12-03,null,0
pierce,ruecker,sccusoqpvgqlz6q6,schowalter-schowalter,2019-12-03,null,0
marques,willms,fk6by2odvw8iuarv,reinger and sons,2019-12-03,null,0
cleveland,maggio,vwffozazxrb1t5ko,reinger and sons,2019-12-03,null,3
kiera,walker,eotw9aosbpq2mkbd,reinger and sons,2019-12-03,null,2
alex,trantow,nhrqbkkdcxkmkn2m,fritsch inc,2019-12-03,null,3
demetrius,deckow,qtqdiiros3g4i9bh,fritsch inc,2019-12-03,null,3
dayne,daniel,mr7jqctdlqkdoomu,fritsch inc,2019-12-03,null,1
leif,botsford,fiipkgfbj7dcimts,fahey-fahey,2019-12-03,null,0
mazie,gleichner,7jyirv3tmzwc8x2d,fahey-fahey,2019-12-03,null,0
felix,osinski,oaanvhrhzu5gbce7,fahey-fahey,2019-12-03,null,3
ignatius,thompson,oifdxj6t00fzpznj,schultz-schultz,2019-12-03,null,2
jaden,ankunding,ylo9tj61fwdvqolp,schultz-schultz,2019-12-03,null,2
tanya,kuhic,v1nsi4q7hkurzarr,schultz-schultz,2019-12-03,null,0
rashawn,welch,y1rlvcfbboxof0fl,mraz llc,2019-12-03,null,3
augustus,fritsch,h4u3dnm72d7zgyc5,mraz llc,2019-12-03,null,0
shanel,gleichner,fza6ylndxjvrpo3z,mraz llc,2019-12-03,null,2
franz,hammes,wuvzc7mhuzh3hnez,graham-graham,2019-12-03,null,3
maybelle,turcotte,39bsmk7vcimrg5q7,graham-graham,2019-12-03,null,2
celine,murray,xleizfwij339tol2,graham-graham,2019-12-03,null,1
clair,bartell,xusmwt6zultoj3ky,sedea,2019-12-03,null,2
greyson,quitzon,4gzxncmvd5fob7ot,sedeb,2019-12-03,null,3
nova,denesik,iimhhgebzsk4x8he,lowe-lowe,2019-12-03,null,0
ruby,mccullough,pkf2yj44lkbhnfig,homenick-homenick,2019-12-03,null,3
jazlyn,greenfelder,ek996x6hgwiweiga,mertz llc,2019-12-03,null,0
glen,leffler,mgqrpdaloysrvjlh,beier-beier,2019-12-03,null,0
geovanni,berge,bfh7gm69gbz4ulbh,ebert-ebert,2019-12-03,null,3
shawna,schulist,rq16u8agi9nygerf,franecki-franecki,2019-12-03,null,2
melody,predovic,xdibf0vdc5t7nkol,tillman-tillman,2019-12-03,null,1
mary,o'reilly,qptocq8nautkgfmf,collins inc,2019-12-03,null,2
freeman,hermann,jyqz5xfxf0kfxo4u,howe-howe,2019-12-03,null,3
delphine,hand,rhe6mooey1hqqswa,abbott and sons,2019-12-03,null,0
darron,klocko,bh4wmassd8lb4wyc,bogan-bogan,2019-12-03,null,0
karl,hodkiewicz,hwxoniy9xbjqbnrh,kihn-kihn,2019-12-03,null,0
ramona,gleichner,lmrnt8ytj5zfi10p,bailey and sons,2019-12-03,null,1
milford,satterfield,uaykzfp8zzkpcmhv,ruecker-ruecker,2019-12-03,null,2
emmy,carroll,nz2ssrxhpsygeujr,bins and sons,2019-12-03,null,1
amy,weissnat,xto3asif9zm2a9bl,hudson-hudson,2019-12-03,null,2
lafayette,hayes,pa6fofvzdtnghdjv,kuvalis-kuvalis,2019-12-03,null,2
mckenna,mraz,uoevz5zpc1761g93,grady-grady,2019-12-03,null,1
althea,schowalter,byftoueap98yk2bw,mcdermott-mcdermott,2019-12-03,null,2
willow,graham,erh9qyt5hkqz1s7f,paucek-paucek,2019-12-03,null,0
alene,schultz,mrcqzqszcqil8tdv,feest-feest,2019-12-03,null,0
alayna,erdman,ihl68irgcjbibznc,mayert group,2019-12-03,null,1
hattie,bednar,e1vgbzsj1y576iwy,schmeler and sons,2019-12-03,null,1
ricardo,zieme,vfzq0ffxwuggn4dv,hessel and sons,2019-12-03,null,0
harrison,bruen,uzwvwcucgbk6luk6,kilback-kilback,2019-12-03,null,3
santa,mann,31rqrksbbcennqxv,tromp-tromp,2019-12-03,null,2
blanche,miller,m8fdbcjvqkwatdex,hayes llc,2019-12-03,null,1
martina,hintz,ghbswjryfabeiyqt,daugherty inc,2019-12-03,null,0
rosalyn,goyette,s3lq3n6zf7dytgaj,blick llc,2019-12-03,null,0
reese,kuhic,qe3ajz5wiozi4v9g,macejkovic-macejkovic,2019-12-03,null,2
louie,schneider,7otisfcsyq46flfw,hansen inc,2019-12-03,null,2
estella,gislason,z2jvwz9shclxymoa,greenholt-greenholt,2019-12-03,null,2
zoila,schmitt,5eks2dwb4xokqb9s,brekke and sons,2019-12-03,null,1
antonette,aufderhar,totealfmnvimredn,schowalter-schowalter,2019-12-03,null,2
freida,wintheiser,to8rhaex4diubp3v,reinger and sons,2019-12-03,null,3
florence,altenwerth,j4cbvazkp6j2trnt,fritsch inc,2019-12-03,null,2
deon,boehm,besxoe1jcrcvadfn,fahey-fahey,2019-12-03,null,2
jaleel,bernhard,cs9oo1nuzcub8mib,schultz-schultz,2019-12-03,null,1
shea,mccullough,mijyiyj3kjly9wtt,mraz llc,2019-12-03,null,2
emmalee,thompson,gefiuwuny9bemkoq,graham-graham,2019-12-03,null,3
stephanie,nolan,n86eoirpdkoyvmyh,lubowitz group,2019-12-03,null,2
gina,hegmann,rt1ndi55ggqd1qma,sedea,2019-12-03,null,0
lincoln,brakus,bqg9acgdec1ou8zm,sedea,2019-12-03,null,0
maye,homenick,yhulm370bwx1z0qk,sedea,2019-12-03,null,1
leland,pfannerstill,4lcxicuoce9wuilf,sedeb,2019-12-03,null,3
wiley,marks,zixqnxkhulxcibdp,sedeb,2019-12-03,null,2
alexanne,jacobson,6o1yrtosdypatlc1,sedeb,2019-12-03,null,1
gaston,okuneva,xu3iiechgexjsli9,lowe-lowe,2019-12-03,null,1
amir,emard,secxxwxz2hz1me37,lowe-lowe,2019-12-03,null,1
ron,franecki,mbutkxheskff43cu,lowe-lowe,2019-12-03,null,1
finn,koch,7zqg4xstbxqekoej,homenick-homenick,2019-12-03,null,2
krystel,bogisich,bsozoqgpw0kx9ox8,homenick-homenick,2019-12-03,null,2
gene,hilpert,lb354byuslcoqwkw,homenick-homenick,2019-12-03,null,1
makayla,leannon,cjlfcj00w1y4tpq2,mertz llc,2019-12-03,null,1
mara,kulas,fou9k3c6mjaiuv0v,mertz llc,2019-12-03,null,2
rosanna,cassin,cgovymywlitzhs0u,mertz llc,2019-12-03,null,1
murray,oberbrunner,dnabmre6qynpf5cp,beier-beier,2019-12-03,null,3
brandyn,conn,10o6jya7ibibgsxv,beier-beier,2019-12-03,null,1
margarita,franecki,yrg1p464q75enqje,beier-beier,2019-12-03,null,2
jazmyne,bechtelar,3mnemzh3gtjglmmn,ebert-ebert,2019-12-03,null,2
taryn,bartell,edbh5umyjhuplrzn,ebert-ebert,2019-12-03,null,3
hulda,roob,g5gcnvhyjgm4fg1d,ebert-ebert,2019-12-03,null,3
eliezer,stoltenberg,k4jkmmk4xj0ndccx,franecki-franecki,2019-12-03,null,1
kylee,prosacco,fnkxypuqntnea7e9,franecki-franecki,2019-12-03,null,3
brandyn,auer,irlibm8dqq0lkkur,franecki-franecki,2019-12-03,null,2
alessia,murray,wcgwpajhkt9ehzgz,tillman-tillman,2019-12-03,null,3
dedrick,runolfsdottir,cheecyrswhh2wwpo,tillman-tillman,2019-12-03,null,2
steve,okuneva,pfmebjjcdgam3y2f,tillman-tillman,2019-12-03,null,1
alfredo,gutmann,e8lioqvrdwgjscc2,collins inc,2019-12-03,null,2
itzel,huel,y8wnotfpzzrdmvte,collins inc,2019-12-03,null,0
itzel,torp,w1c1665p9gbnomju,collins inc,2019-12-03,null,2
ariel,heaney,ss5gv1qordnu3kx0,howe-howe,2019-12-03,null,1
jenifer,sipes,elrvq0ffc7gfbmq5,howe-howe,2019-12-03,null,3
angeline,o'hara,gdvg2mlhhvzs2pvz,howe-howe,2019-12-03,null,1
jamie,hackett,2pqccmzjk4eo9d9p,abbott and sons,2019-12-03,null,0
lilla,o'connell,j96n7uro0oio1alv,abbott and sons,2019-12-03,null,1
shemar,wolf,xfpj1ncqows35wm9,abbott and sons,2019-12-03,null,0
carole,orn,g1coruxxrrypkkee,bogan-bogan,2019-12-03,null,3
katelynn,cronin,61zoum7d2grgknrq,bogan-bogan,2019-12-03,null,2
josephine,deckow,xyravdoadz7ofqc5,bogan-bogan,2019-12-03,null,0
daisy,murphy,vvqxtfm4upxioquu,kihn-kihn,2019-12-03,null,0
daisha,hayes,pjauf87bcw3dumvo,kihn-kihn,2019-12-03,null,1
jace,yost,fjk16gsevce8h0gm,kihn-kihn,2019-12-03,null,2
marc,stoltenberg,zaegsuya2bysezxo,bailey and sons,2019-12-03,null,3
adonis,lockman,dwa1jjitrv87ijkw,bailey and sons,2019-12-03,null,0
ardith,ziemann,muhqtlxhts2avokk,bailey and sons,2019-12-03,null,2
jasen,kovacek,whykcg9lca4fte1g,ruecker-ruecker,2019-12-03,null,2
wilhelm,king,phs12xhrh5t4n24h,ruecker-ruecker,2019-12-03,null,1
magnus,gulgowski,fwhfha0vxjwoiteq,ruecker-ruecker,2019-12-03,null,1
aliya,kshlerin,geszgafo4ug0upli,bins and sons,2019-12-03,null,1
josie,pfeffer,fawlbwqcs9oqr1eu,bins and sons,2019-12-03,null,3
zita,beatty,fnuvw9uwusmbzl4r,bins and sons,2019-12-03,null,2
rahul,stehr,cyzx4kdei2yumeat,hudson-hudson,2019-12-03,null,2
sanford,keeling,1jjwhznh48ziihls,hudson-hudson,2019-12-03,null,1
annabell,king,q7vlzbwru0fuziyr,hudson-hudson,2019-12-03,null,0
eleonore,lesch,na86a6z9wqpey07e,kuvalis-kuvalis,2019-12-03,null,1
sigmund,jacobi,7rwwsi4puwfzeqsj,kuvalis-kuvalis,2019-12-03,null,3
luigi,prohaska,bw5tykul4ypy882t,kuvalis-kuvalis,2019-12-03,null,0
adolph,blick,ntiqtuncgc9dbwsy,grady-grady,2019-12-03,null,3
elijah,jacobson,zlatucvumjkk3mud,grady-grady,2019-12-03,null,2
milford,corkery,k9pfr459iqwkhnpo,grady-grady,2019-12-03,null,3
lilla,jast,dsslvledpcvz7rll,mcdermott-mcdermott,2019-12-03,null,3
marcelina,ebert,vhokepq1uiw2rvls,mcdermott-mcdermott,2019-12-03,null,1
domenick,lesch,ne8ss0aygtkhdurx,mcdermott-mcdermott,2019-12-03,null,2
mike,hartmann,pcafg4aj4pagr7cv,paucek-paucek,2019-12-03,null,3
dan,frami,74pxhjwl9d4ykfel,paucek-paucek,2019-12-03,null,2
afton,senger,hsvvzyql9bgb7d3w,paucek-paucek,2019-12-03,null,1
bertram,weissnat,4nexn0iszjslajzy,feest-feest,2019-12-03,null,1
freda,nikolaus,5tjlqjnfbsatrkaj,feest-feest,2019-12-03,null,0
manuel,lebsack,lroyq3ksno3dr2jj,feest-feest,2019-12-03,null,2
brendan,predovic,xxoc8wfrjfcxslm0,mayert group,2019-12-03,null,0
kathleen,wilkinson,dm7qmtrogbigzcw9,mayert group,2019-12-03,null,3
zola,kozey,qgv6xtoimwvuucae,mayert group,2019-12-03,null,2
kennedi,dooley,io5p9ifzz2dprkqc,schmeler and sons,2019-12-03,null,1
rocio,funk,r9p6hlvmfoxutrps,schmeler and sons,2019-12-03,null,0
felicita,bins,xbs0kv67hpf5kp2n,schmeler and sons,2019-12-03,null,3
maurine,brown,vjyh2noovvybtbm0,hessel and sons,2019-12-03,null,2
bettie,huels,kqg6kyg9jjxycopg,hessel and sons,2019-12-03,null,3
abelardo,morar,7gtuf4ehab43zsyp,hessel and sons,2019-12-03,null,2
pippo,pluto,d1jtkmtdbc100bup,kilback-kilback,2019-12-03,2029-12-03,2
ella,howell,cw0ngeyocb6ok4ho,kilback-kilback,2019-12-03,null,0
shany,crona,q8tqtyfidpgigdiq,kilback-kilback,2019-12-03,null,2
lois,ortiz,8dxnqngq0yazgkyg,tromp-tromp,2019-12-03,null,3
julie,littel,tp2umve54lsbzbss,tromp-tromp,2019-12-03,null,3
diamond,cummerata,gceksg5m6nmcvzou,tromp-tromp,2019-12-03,null,2
samson,ernser,mdjuqtopowtuzgk4,hayes llc,2019-12-03,null,0
jody,lehner,ymutdohnnxly72lx,hayes llc,2019-12-03,null,2
grady,wisozk,gvaf7qpprjf1v5e2,hayes llc,2019-12-03,null,1
russel,parisian,lsrwykxig5vt5cei,daugherty inc,2019-12-03,null,0
jadon,bergstrom,tanvrb5h9vpkapwo,daugherty inc,2019-12-03,null,1
irwin,parker,kiekbtcrfl9xxk41,daugherty inc,2019-12-03,null,3
ralph,macejkovic,opkatxj6nolywmkl,blick llc,2019-12-03,null,2
gussie,little,tv08j6w9owb6rspn,blick llc,2019-12-03,null,2
weldon,quitzon,2eulj4obzzwvvqwi,blick llc,2019-12-03,null,2
shayne,rolfson,gjdt39xwj0dmju5c,macejkovic-macejkovic,2019-12-03,null,2
antonette,shields,n6a6op7fyt9v46ou,macejkovic-macejkovic,2019-12-03,null,3
abigayle,kihn,9jd1lmwhtad2w947,macejkovic-macejkovic,2019-12-03,null,1
brown,halvorson,cr0ccx53kwzayeq4,hansen inc,2019-12-03,null,3
earl,connelly,a27lah40e81bgu2r,hansen inc,2019-12-03,null,0
keyon,hodkiewicz,diicyinator6dl0j,hansen inc,2019-12-03,null,1
giles,cummerata,1ycvng9jaufom8xg,greenholt-greenholt,2019-12-03,null,1
walton,greenfelder,wxybtexjjwg3yjym,greenholt-greenholt,2019-12-03,null,0
sydni,sipes,ywflfyhzcahqbhve,greenholt-greenholt,2019-12-03,null,0
timmy,von,o9gs0j0vtx8wqmgp,brekke and sons,2019-12-03,null,0
eleonore,harris,y9by75l3gi8cut7y,brekke and sons,2019-12-03,null,2
darlene,powlowski,kva3tvrooree7wfl,brekke and sons,2019-12-03,null,0
tanner,greenfelder,eokgncga2xmrx8ve,schowalter-schowalter,2019-12-03,null,2
kimberly,gerhold,3wiiwcgiz4xgxc6a,schowalter-schowalter,2019-12-03,null,3
quinten,osinski,oajbuflzjr79ftfj,schowalter-schowalter,2019-12-03,null,2
timmothy,hilll,mou1hsyjg27bvv7d,reinger and sons,2019-12-03,null,3
delbert,batz,jpx3hwmtalh8kkru,reinger and sons,2019-12-03,null,2
malvina,goodwin,dblothridrlf9ufx,reinger and sons,2019-12-03,null,3
osborne,hilpert,gpkyhie7opebsdxk,fritsch inc,2019-12-03,null,0
sylvester,gibson,cjdrm0cp84ogihbm,fritsch inc,2019-12-03,null,3
giuseppe,streich,z868aldkc8lsvldv,fritsch inc,2019-12-03,null,0
brooks,fisher,llljmptz72of2hmf,fahey-fahey,2019-12-03,null,2
zola,aufderhar,zvndysx7mwyyjcbz,fahey-fahey,2019-12-03,null,0
gregorio,marks,uiitvxvpuexcvm7d,fahey-fahey,2019-12-03,null,3
ron,heller,jy4oidnqlhazleoh,schultz-schultz,2019-12-03,null,1
cleora,lemke,kpcn5scldeb8etta,schultz-schultz,2019-12-03,null,0
raymundo,green,5s0tr7l3dcicyzt4,schultz-schultz,2019-12-03,null,0
hadley,auer,xfu5y3nyh2kunjn6,mraz llc,2019-12-03,null,0
maxine,lind,7h5xxl3ds5ilduge,mraz llc,2019-12-03,null,1
emmanuel,douglas,ipcvmt8prgmo54wr,mraz llc,2019-12-03,null,1
juwan,graham,rukbezn1wtmt6m0f,graham-graham,2019-12-03,null,1
zakary,quitzon,bnhgx0gz11mnmbx3,graham-graham,2019-12-03,null,3
karelle,jacobson,udwzcrilkhqc0znw,graham-graham,2019-12-03,null,0
daphnee,morissette,ulbtut7q37piamj0,lubowitz group,2019-12-03,null,0
brando,durgan,nqmlgvjtuvimk0xz,lubowitz group,2019-12-03,null,0
kailee,frami,yp1ktjcqgytbj6vs,lubowitz group,2019-12-03,null,1
carolyne,muller,q6j6drpibtxlrqp7,cruickshank-cruickshank,2019-12-03,null,3
giovanni,wunsch,nrnupcbiile1rezb,cruickshank-cruickshank,2019-12-03,null,0
ellis,o'conner,qo38kw3gvgrwmjat,cruickshank-cruickshank,2019-12-03,null,2
ova,tremblay,klabkvt8ls7sghvf,graham-graham,2019-12-03,null,0
selmer,braun,1qzkcw2ux9uorizd,graham-graham,2019-12-03,null,0
jay,herzog,rf6zerhbzve6vzis,graham-graham,2019-12-03,null,3
steve,conroy,f5ohcny4980eubru,sedea,2019-12-03,null,2
abby,padberg,mk4nqnykpd7dpsrw,sedea,2019-12-03,null,3
lea,kshlerin,isbwxeaylqprdidf,sedea,2019-12-03,null,2
damion,brown,ttvspsaimzcdccg4,sedeb,2019-12-03,null,3
zora,mohr,nuik1rpzbdemn4zg,sedeb,2019-12-03,null,0
yvonne,langworth,tr49epcu5lhqvoc7,sedeb,2019-12-03,null,3
kacie,bechtelar,eht3qferawi33f1o,lowe-lowe,2019-12-03,null,2
mariah,mayer,g3dlqxewvh8enxq9,lowe-lowe,2019-12-03,null,1
forest,skiles,gfrpvpeh9wzqoirs,lowe-lowe,2019-12-03,null,2
loraine,bogisich,crum9ysuqoo64nnm,homenick-homenick,2019-12-03,null,1
aglae,satterfield,vxelw6uz4puvzdzk,homenick-homenick,2019-12-03,null,0
cesar,lynch,ad4xncabq5aljw7c,homenick-homenick,2019-12-03,null,3
rafael,jenkins,mvd86b6bemiojqbs,mertz llc,2019-12-03,null,2
kevon,jones,wjpaztv0rzls7pfk,mertz llc,2019-12-03,null,2
jennifer,crist,4iocvjydhywszkts,mertz llc,2019-12-03,null,3
everett,kohler,7pr0biga0f4iifif,beier-beier,2019-12-03,null,3
vicenta,fahey,x9zo2mnvs680pnyf,beier-beier,2019-12-03,null,3
jaylon,stiedemann,golsu6zmy38iyade,beier-beier,2019-12-03,null,0
arden,schmidt,rqbsmrssc36u0qag,ebert-ebert,2019-12-03,null,2
harley,carter,vpijd3ljtrrrnspo,ebert-ebert,2019-12-03,null,2
jean,kling,yge9ovevbhqqxmh4,ebert-ebert,2019-12-03,null,0
oceane,swaniawski,uxqmh8hc0iwu9ozm,franecki-franecki,2019-12-03,null,3
santos,reichel,lqzmacrubyx9cbyw,franecki-franecki,2019-12-03,null,3
casey,wilkinson,mjmuynr4w3yz1cot,franecki-franecki,2019-12-03,null,3
wiley,pacocha,8beobnid0cqzqjtt,tillman-tillman,2019-12-03,null,3
trevion,stracke,t0vrlnon1pyy32hs,tillman-tillman,2019-12-03,null,2
antonietta,friesen,ooj0btdsnfnbod9r,tillman-tillman,2019-12-03,null,3
kaya,kling,c0g8m1fdprw9q6vu,collins inc,2019-12-03,null,0
khalid,upton,ur46j8ttuvbhpiuj,collins inc,2019-12-03,null,3
boris,nienow,v5hyo3yykxawbjeq,collins inc,2019-12-03,null,3
harold,kling,qczb2uxlu1ylkk4r,howe-howe,2019-12-03,null,2
faye,marvin,ym2vbjpxs0ovdsex,howe-howe,2019-12-03,null,0
marjolaine,fisher,aflpq8puybuoan0c,howe-howe,2019-12-03,null,3
urban,rice,amdpb0xdwozqnwbv,abbott and sons,2019-12-03,null,2
alene,gaylord,tykcuanvb5ellg3q,abbott and sons,2019-12-03,null,0
tevin,o'hara,cfb7qe5c839kmklm,abbott and sons,2019-12-03,null,2
maxime,luettgen,vk1h4bhtp9vp31do,bogan-bogan,2019-12-03,null,0
jayson,hagenes,j4njzymaapd5x0rf,bogan-bogan,2019-12-03,null,3
brendan,yundt,kadmzkffe7xrftrh,bogan-bogan,2019-12-03,null,1
bartholome,quitzon,rhlaf9dgn4fv8b9w,kihn-kihn,2019-12-03,null,3
hoyt,block,igxwjsdbgqeiff2k,kihn-kihn,2019-12-03,null,3
candace,kautzer,gbk644mb769os6v6,kihn-kihn,2019-12-03,null,2
tressa,langosh,3t1rtrwznwmcrrut,bailey and sons,2019-12-03,null,1
delta,christiansen,1lwfqfgumt3rsl5l,bailey and sons,2019-12-03,null,1
bennett,stamm,j7zceibmbgfh0hrx,bailey and sons,2019-12-03,null,3
kristina,kunde,cvrpbvqt4uqwwvsg,ruecker-ruecker,2019-12-03,null,2
darrel,yundt,eokm4mejplcmu8ar,ruecker-ruecker,2019-12-03,null,1
florence,murazik,71uezbc22tsn0qc9,ruecker-ruecker,2019-12-03,null,3
heath,shanahan,g6seowcqs1wmbu8t,bins and sons,2019-12-03,null,0
nicole,kling,lryrha7lherdwv1p,bins and sons,2019-12-03,null,3
alice,dickens,sbtkswijhrkudtgo,bins and sons,2019-12-03,null,0
gregg,kris,1s5aurzavl8id1ro,hudson-hudson,2019-12-03,null,1
tristin,runte,qar615d5l9oe1rcs,hudson-hudson,2019-12-03,null,2
bettye,littel,n62lhnbplmmcd42h,hudson-hudson,2019-12-03,null,1
lazaro,schneider,jcuve1sguzx96tpo,kuvalis-kuvalis,2019-12-03,null,0
dorian,durgan,gpigfrnciec4aa8a,kuvalis-kuvalis,2019-12-03,null,0
zander,mosciski,drcxdwzs3m4etzdt,kuvalis-kuvalis,2019-12-03,null,1
eino,morar,pun2eqbl4dxrfd4m,grady-grady,2019-12-03,null,2
jensen,feil,bessgz67duvnsmne,grady-grady,2019-12-03,null,1
ena,anderson,ff5hn2ogj0jrposo,grady-grady,2019-12-03,null,2
delta,larkin,8xhinzp75jynfwq3,mcdermott-mcdermott,2019-12-03,null,0
perry,abbott,98r0mbqllr29wlu7,mcdermott-mcdermott,2019-12-03,null,1
dortha,schaden,l0x752pgl94eowit,mcdermott-mcdermott,2019-12-03,null,1
nathan,collier,dnzh1uaraluuu7w8,paucek-paucek,2019-12-03,null,1
meggie,funk,xh2z6c8dh0rs96yw,paucek-paucek,2019-12-03,null,3
martin,langworth,3cztswbgq0lm3bbv,paucek-paucek,2019-12-03,null,2
chanel,lubowitz,9qqfs9bq9akt1qop,feest-feest,2019-12-03,null,2
lourdes,hills,jakg9gcr2bcnkj1k,feest-feest,2019-12-03,null,0
deanna,gerhold,w1sp5edwzqoawfsu,feest-feest,2019-12-03,null,2
skyla,macejkovic,znazfpiqmjoatkry,mayert group,2019-12-03,null,0
elody,hamill,mcz1dbzb8aov6feg,mayert group,2019-12-03,null,0
christina,zulauf,ggllatg6p9khqla9,mayert group,2019-12-03,null,2
kira,schaefer,8hz9c0dtcu7pabar,schmeler and sons,2019-12-03,null,1
broderick,yundt,lcwghwkwnsqljbbl,schmeler and sons,2019-12-03,null,2
marianna,o'connell,mmckrdhzgqvef73h,schmeler and sons,2019-12-03,null,1
coy,runte,cnx6v2mx5ziuevpe,hessel and sons,2019-12-03,null,3
hortense,quitzon,2ctasaducp07rnfp,hessel and sons,2019-12-03,null,1
estella,wuckert,dnodnbhiwybzm2g9,hessel and sons,2019-12-03,null,1
alfonso,walker,2jfnggmtnmbs7pa4,kilback-kilback,2019-12-03,null,0
sigmund,will,4tg0pg6emh18udbb,kilback-kilback,2019-12-03,null,1
marietta,gulgowski,r3kvxst5oofofjhp,kilback-kilback,2019-12-03,null,1
kathryn,douglas,6n9jkxnzpqtal6th,tromp-tromp,2019-12-03,null,1
rick,gulgowski,8zjjkzngi8vlq9my,tromp-tromp,2019-12-03,null,2
roger,baumbach,eqivqmv3glbq9opf,tromp-tromp,2019-12-03,null,3
fernando,reichert,e8rnahyg7sc4cz9m,hayes llc,2019-12-03,null,3
ole,sawayn,olpgemtnr7yt5x4m,hayes llc,2019-12-03,null,0
laurine,hagenes,kgi427fdjbyzmj0n,hayes llc,2019-12-03,null,2
wilfrid,kuhn,sdlk0agrqrkc4ef4,daugherty inc,2019-12-03,null,1
kevon,johnson,qexflbsd16yel0sa,daugherty inc,2019-12-03,null,3
elouise,schmidt,tsznc4xmwgrvqrqf,daugherty inc,2019-12-03,null,2
kendra,anderson,fx50prnnn6mntwsn,blick llc,2019-12-03,null,0
lila,satterfield,scwbsiejfovjtlxm,blick llc,2019-12-03,null,0
elliot,carroll,gqcbsuu6k8xeku6f,blick llc,2019-12-03,null,0
darrion,lowe,vpaxg3ex8bih1qu1,macejkovic-macejkovic,2019-12-03,null,2
erna,kunze,beeswo0odptkh7vw,macejkovic-macejkovic,2019-12-03,null,1
pauline,kutch,xrbrnhpokqmm3bqk,macejkovic-macejkovic,2019-12-03,null,0
alden,kirlin,8cfxdqjtik8wkr6i,hansen inc,2019-12-03,null,3
jefferey,heaney,olc2lqxd7awngu4k,hansen inc,2019-12-03,null,2
muhammad,welch,y1vfd8m0hyn07jx1,hansen inc,2019-12-03,null,3
german,dickens,m8jrttqerurtwapr,greenholt-greenholt,2019-12-03,null,2
ewald,streich,io4s8y0dfkrpcsxr,greenholt-greenholt,2019-12-03,null,2
darlene,o'reilly,hjezjgb5agl9evzu,greenholt-greenholt,2019-12-03,null,3
twila,feest,izfbfr2ixsqxtr23,brekke and sons,2019-12-03,null,1
gregg,howe,nqzm8abgitkkftck,brekke and sons,2019-12-03,null,0
keara,sanford,nvtxqri3uun9xoci,brekke and sons,2019-12-03,null,3
percival,schaden,m7xxqqgdwvnp580b,schowalter-schowalter,2019-12-03,null,0
lloyd,hoeger,eh1sjnvkaozfvx8c,schowalter-schowalter,2019-12-03,null,3
daija,hamill,v1cdxms4trkxkf7a,schowalter-schowalter,2019-12-03,null,1
berta,grady,exbeo0oeg2wt5hck,reinger and sons,2019-12-03,null,0
elva,stoltenberg,5jgx2pgafgitsaeq,reinger and sons,2019-12-03,null,1
caterina,steuber,fj08qkowhf2xwinc,reinger and sons,2019-12-03,null,3
fatima,ferry,pi6mzb915zdeqoav,fritsch inc,2019-12-03,null,3
hanna,jacobs,tofhxvssu62gw73l,fritsch inc,2019-12-03,null,0
corrine,herman,astu0ywfcm3vf57i,fritsch inc,2019-12-03,null,3
demetrius,rohan,roi8ykpgwmmcaqgq,fahey-fahey,2019-12-03,null,2
marcelo,o'hara,qgrplezbb5gcnpjm,fahey-fahey,2019-12-03,null,2
rosie,schuster,b6tzdxyv38ubtxav,fahey-fahey,2019-12-03,null,3
jocelyn,davis,pcmi8cy3tbqljivk,schultz-schultz,2019-12-03,null,0
blaze,spencer,2gyw5ccwymejskto,schultz-schultz,2019-12-03,null,3
caleigh,howe,v64wvb8yrqekuvct,schultz-schultz,2019-12-03,null,0
okey,hintz,s6ovtqnunjlmwjnj,mraz llc,2019-12-03,null,0
jacklyn,reichert,3f0vbqqsmrnajhat,mraz llc,2019-12-03,null,1
caitlyn,wiza,ad4zghzoxital1un,mraz llc,2019-12-03,null,2
kailee,upton,g372q9vlaj10q3os,graham-graham,2019-12-03,null,3
felicia,kuhlman,beufmmep3gop8s9p,graham-graham,2019-12-03,null,0
hyman,hettinger,pqpmzwj8s7lwt48f,graham-graham,2019-12-03,null,1
minerva,rath,xdu3gj1qq0ixj0gr,lubowitz group,2019-12-03,null,1
orlando,kutch,v70bbyw5y14qotr4,lubowitz group,2019-12-03,null,3
amani,gorczany,rcjyzkuck6b0vaa5,lubowitz group,2019-12-03,null,1
clark,ullrich,iuhazwc18ytkrwfc,cruickshank-cruickshank,2019-12-03,null,2
mercedes,cole,u8aqvlric1lgrleo,cruickshank-cruickshank,2019-12-03,null,2
cordelia,durgan,fidwebkjir8zqurq,cruickshank-cruickshank,2019-12-03,null,0
alene,mertz,rdfxc6awis36vahp,hermiston group,2019-12-03,null,0
salvador,rogahn,z5wry0hb1pysh2e0,hermiston group,2019-12-03,null,1
bessie,murray,8a9uqi8zlh5vdnpz,hermiston group,2019-12-03,null,3
brennon,auer,bn45pgpxf3ywyhu1,sedea,2019-12-03,null,3
abdul,marks,uac5bhn6id4o0qw9,sedeb,2019-12-03,null,3
stephon,becker,zgh33ravk865sp4t,lowe-lowe,2019-12-03,null,0
norene,johnston,woxegpjc5gt75s7x,homenick-homenick,2019-12-03,null,3
brown,frami,osxtp7ti8oqk7dad,mertz llc,2019-12-03,null,1
adrain,cummerata,buqs1lh0gaesv6wb,beier-beier,2019-12-03,null,3
brad,mante,ha7lmggaip1t0tjh,ebert-ebert,2019-12-03,null,0
felicia,hartmann,cxvvqnr1gd28wrld,franecki-franecki,2019-12-03,null,3
evan,kihn,zpcsa3tn1ze8yetu,tillman-tillman,2019-12-03,null,0
lola,vonrueden,q1hlxepw98webnw8,collins inc,2019-12-03,null,1
tevin,harvey,mm6nprpvelxethiu,howe-howe,2019-12-03,null,2
trevor,mckenzie,t8ymzhscbn3l2f1o,abbott and sons,2019-12-03,null,2
jed,brakus,w0gl4rjh3tjdmrrz,bogan-bogan,2019-12-03,null,1
alysa,haag,1veuu9bnr0tousek,kihn-kihn,2019-12-03,null,0
orin,deckow,ypzpccugit8zcfok,bailey and sons,2019-12-03,null,2
myah,hamill,h8dtjaqy4sxj8oqf,ruecker-ruecker,2019-12-03,null,2
ian,becker,rabe3cw1idhc8t6v,bins and sons,2019-12-03,null,0
laura,pfannerstill,bfskryskhpyzwu0f,hudson-hudson,2019-12-03,null,2
aiden,wolff,kqsr8albs4sh8vqu,kuvalis-kuvalis,2019-12-03,null,2
cleta,feeney,uyoaanvlprsqq7jo,grady-grady,2019-12-03,null,1
colin,mayert,ygrt42tkjzlox5rw,mcdermott-mcdermott,2019-12-03,null,1
hillard,johns,udi1hdadwkrh0u7s,paucek-paucek,2019-12-03,null,3
cathy,olson,mnwswrymlkrz21yk,feest-feest,2019-12-03,null,2
maxine,parisian,wosgt2e9ohf9vhng,mayert group,2019-12-03,null,0
christa,pollich,te5ltckxycdoleyy,schmeler and sons,2019-12-03,null,3
ethan,watsica,byuheoau5ni1spdq,hessel and sons,2019-12-03,null,2
sydni,dare,ekwlwd8yghnegwvm,kilback-kilback,2019-12-03,null,3
lura,kutch,3tbzjcjfyzvmr2by,tromp-tromp,2019-12-03,null,1
keagan,kuvalis,hegczrp2yjdsf8b7,hayes llc,2019-12-03,null,0
jovany,goyette,fe9rcpcwbe3e5olb,daugherty inc,2019-12-03,null,2
cheyenne,kohler,dh5h8iv22hfumnrm,blick llc,2019-12-03,null,0
kiera,schulist,d7ufzihchrhnu4mp,macejkovic-macejkovic,2019-12-03,null,0
earline,torphy,1pmnsdwiif71xz2q,hansen inc,2019-12-03,null,3
osvaldo,feeney,hig32u2m8nisiqez,sedea,2019-12-03,null,0
eloise,halvorson,mea7sbvkhlep9tpf,greenholt-greenholt,2019-12-03,null,2
chris,harvey,78unw4bbrngzpknm,sedea,2019-12-03,null,0
kamille,sporer,3ixzoyihwzvlk2xv,brekke and sons,2019-12-03,null,2
blanca,lesch,jwtie2u9tqcyjd4r,sedeb,2019-12-03,null,2
d'angelo,smitham,y7vi8ehxzler18em,schowalter-schowalter,2019-12-03,null,2
concepcion,pacocha,jglixlddpti0ocp3,sedeb,2019-12-03,null,1
hyman,brown,pqdhwafgkpaxrccb,reinger and sons,2019-12-03,null,1
harvey,leuschke,cytrkbc4jxyt5qhk,lowe-lowe,2019-12-03,null,3
joanny,swaniawski,twv9wkjlg9sghbvv,fritsch inc,2019-12-03,null,1
derick,keebler,ajbcdxibfrx4mqmi,lowe-lowe,2019-12-03,null,1
jarvis,kunze,aosuqtjqco2dq8rr,fahey-fahey,2019-12-03,null,2
rolando,wiza,kg8qcqaojxvuxdi0,homenick-homenick,2019-12-03,null,3
dorothea,heller,nco6bwvcich1cndw,schultz-schultz,2019-12-03,null,0
joannie,reinger,fbyzmvlgcu8vcv3b,homenick-homenick,2019-12-03,null,1
emory,dach,4vcqcjhx83wqa8p5,mraz llc,2019-12-03,null,2
ola,grimes,emkmsg5ubfiysttj,mertz llc,2019-12-03,null,0
danika,buckridge,uvhsn0wofwaurfx3,graham-graham,2019-12-03,null,1
margarita,dach,qsuioa8mz7nfe0wb,mertz llc,2019-12-03,null,2
alejandrin,doyle,ftsjkekugwpy54y4,lubowitz group,2019-12-03,null,3
elliot,mosciski,9thcetqc2iyxz7d5,beier-beier,2019-12-03,null,2
joan,keebler,svbye0e4pb7qaogw,beier-beier,2019-12-03,null,3
kyle,hintz,enujgxxy114eb77c,cruickshank-cruickshank,2019-12-03,null,0
dayana,conn,dzafkpau7ib4dq11,ebert-ebert,2019-12-03,null,0
jeanette,kozey,vqho10sbzdbvhrhw,ebert-ebert,2019-12-03,null,3
kaycee,rohan,zsaqr3mas004ipiq,hermiston group,2019-12-03,null,1
kristofer,stiedemann,k9nasqipiqgg3jky,franecki-franecki,2019-12-03,null,2
raquel,o'connell,lqvw9pn3l2s4q6ld,franecki-franecki,2019-12-03,null,1
earline,wuckert,vgayif325wghzvei,tillman-tillman,2019-12-03,null,0
mallie,kub,zy2psm1bgp2ubnnz,tillman-tillman,2019-12-03,null,0
estel,legros,ibhgnlhtag9ly1b4,collins inc,2019-12-03,null,2
beaulah,glover,xgievh14pklrkanr,cole-cole,2019-12-03,null,0
victoria,runte,99rqg5ijpe06to4o,collins inc,2019-12-03,null,0
nigel,gerhold,pmmpyn7vqfyvkqfj,howe-howe,2019-12-03,null,0
sibyl,hartmann,wku5isidcddncqtx,howe-howe,2019-12-03,null,3
karelle,hessel,kzwx2zl4s30qhx0h,abbott and sons,2019-12-03,null,1
jamel,ernser,aoirkx9w29mc154g,stanton-stanton,2019-12-03,null,0
eleazar,torphy,prlbdtkctqj3zht1,abbott and sons,2019-12-03,null,3
corbin,fisher,04dabmboddqmazk0,bogan-bogan,2019-12-03,null,1
ladarius,murphy,oyrjvoqsyl3i6bqw,bogan-bogan,2019-12-03,null,3
madilyn,d'amore,57nri6hgkljhwfd9,kihn-kihn,2019-12-03,null,2
sylvester,mohr,hgl4n425lieh6mqb,graham-graham,2019-12-03,null,0
vivien,keeling,0kxjtaxugviimskt,kihn-kihn,2019-12-03,null,0
lisandro,reichert,qfwc2e3yx3qfsj38,bailey and sons,2019-12-03,null,0
lindsey,hartmann,bdshjwam8ksn1ljj,bailey and sons,2019-12-03,null,3
kirstin,dietrich,h0pgy8lexmtd0vjz,ruecker-ruecker,2019-12-03,null,2
robb,rath,k3tajphm5ig4c6pu,ruecker-ruecker,2019-12-03,null,2
monroe,mccullough,x9rblxqvs0ighlxg,bins and sons,2019-12-03,null,1
orrin,reichert,4ayhv1igoxfm7rtv,bins and sons,2019-12-03,null,0
tyree,erdman,zvtixanfklqrscgt,hudson-hudson,2019-12-03,null,3
delbert,paucek,0g0enb1wtsaheit9,hudson-hudson,2019-12-03,null,3
grady,johnston,prr46vj9foxqvawd,kuvalis-kuvalis,2019-12-03,null,3
nicolette,lebsack,ivgrrgmjqbyuu2vq,kuvalis-kuvalis,2019-12-03,null,0
daryl,moen,dliezynvly2m61kw,grady-grady,2019-12-03,null,2
thelma,funk,teao9gxkwpuqliyd,grady-grady,2019-12-03,null,0
reese,hoeger,z1t6rjujkpkoy21u,mcdermott-mcdermott,2019-12-03,null,1
dallin,ryan,7pgen0n1ggnvbnfs,mcdermott-mcdermott,2019-12-03,null,2
theresa,sporer,e3gw7vaoejrkxeec,paucek-paucek,2019-12-03,null,3
adrien,price,ebk4drxbxy2nzwbg,paucek-paucek,2019-12-03,null,2
phoebe,jacobson,mlhhnehlewoxk1vv,feest-feest,2019-12-03,null,1
tania,hilpert,ownclnctueuphagz,feest-feest,2019-12-03,null,2
gayle,hyatt,ye04nbnbbnkttojm,mayert group,2019-12-03,null,1
norris,quigley,xth8shw1fak9zmrx,mayert group,2019-12-03,null,3
chester,mitchell,bgwjd72jzclqdikg,schmeler and sons,2019-12-03,null,1
devyn,feest,m17r3vpd79l6gsic,schmeler and sons,2019-12-03,null,0
zoe,o'hara,caqhgfeozannfyhx,hessel and sons,2019-12-03,null,1
jensen,huels,alwfbv95svfzjs4l,hessel and sons,2019-12-03,null,3
clemmie,kuhn,ot9haihxph2tiois,kilback-kilback,2019-12-03,null,3
art,buckridge,egbllelnidfle7wn,kilback-kilback,2019-12-03,null,0
lempi,lesch,byh8abewvrx9iiqr,tromp-tromp,2019-12-03,null,2
wilton,stroman,novqqvuguxntdntn,tromp-tromp,2019-12-03,null,0
verlie,lindgren,lzvagmyvdjrfplye,hayes llc,2019-12-03,null,1
carmel,huel,x1jsudihhpop9lad,hayes llc,2019-12-03,null,2
alivia,kris,jn10olfg5hekwtwq,daugherty inc,2019-12-03,null,0
mia,reichert,mpfbrkogo62nbdfq,daugherty inc,2019-12-03,null,3
katelynn,jacobs,4dx8ycqbu9kzspd5,blick llc,2019-12-03,null,1
arjun,champlin,xznhbxjimwxvtyly,blick llc,2019-12-03,null,2
jermaine,keeling,lnruy4vmrgcmryir,macejkovic-macejkovic,2019-12-03,null,1
louisa,medhurst,ei0mtkzc8dvf4wtl,macejkovic-macejkovic,2019-12-03,null,1
houston,mills,k4qnmmuviug3zjcq,hansen inc,2019-12-03,null,2
carleton,lebsack,ozxogtxbwkxukdi3,hansen inc,2019-12-03,null,0
emmy,gutmann,yi0bmmhzkd76g43g,greenholt-greenholt,2019-12-03,null,1
tyra,green,eto7lgvgahymnxk2,greenholt-greenholt,2019-12-03,null,1
van,frami,0mizankdooyot68g,brekke and sons,2019-12-03,null,2
paxton,zulauf,3x873jve95q70pa0,brekke and sons,2019-12-03,null,0
aurelio,crooks,vcfaya0w9mjup6p8,schowalter-schowalter,2019-12-03,null,1
cristopher,hauck,cqoqnhsf2zkbwekg,schowalter-schowalter,2019-12-03,null,1
zola,gerlach,o1phziabmunwvxlt,reinger and sons,2019-12-03,null,0
clement,collier,twelevp4tmlzsqe8,reinger and sons,2019-12-03,null,1
bill,erdman,61hqbp0dvssyebik,fritsch inc,2019-12-03,null,0
fermin,ward,pkittwyx6zkaufz6,fritsch inc,2019-12-03,null,2
charity,d'amore,5by4zzarjcqa5jvp,fahey-fahey,2019-12-03,null,2
lexi,kirlin,reoc442qpyz18jw0,fahey-fahey,2019-12-03,null,2
guillermo,crist,ny2p5ztm9kypirb5,schultz-schultz,2019-12-03,null,3
hazle,raynor,ozxnm3jj6ksmp5hh,schultz-schultz,2019-12-03,null,3
karlie,wuckert,n1mhzlg8hbg02ban,mraz llc,2019-12-03,null,2
rosalinda,bayer,1fgsg5faqvzcsdxm,mraz llc,2019-12-03,null,0
deja,lubowitz,tehcytbqpgdcaedx,graham-graham,2019-12-03,null,3
isabella,johns,bmcsx56hx3bkrsou,graham-graham,2019-12-03,null,2
domenico,kulas,cqhxz9zndahswjdu,lubowitz group,2019-12-03,null,0
valentin,huels,h54r4mgizlwmc8ri,lubowitz group,2019-12-03,null,2
dana,hyatt,ysmsbub2ozwvoqho,cruickshank-cruickshank,2019-12-03,null,0
ophelia,gislason,iq4kacfunjagjn7e,cruickshank-cruickshank,2019-12-03,null,3
alycia,hyatt,eummyvh1zxxvwnnq,hermiston group,2019-12-03,null,3
fritz,pacocha,ryhg2prwsbyr6r7k,hermiston group,2019-12-03,null,2
terence,rempel,mpzt6ykvf5d2proq,cole-cole,2019-12-03,null,2
thurman,gleason,ha8nbnuix2yphgpz,cole-cole,2019-12-03,null,2
kaley,o'reilly,bxxvffz9rnrsdjxw,stanton-stanton,2019-12-03,null,1
zachary,gorczany,ay2mwhgk9erbx2da,stanton-stanton,2019-12-03,null,2
dayna,cormier,pv91zcikskpotmab,block llc,2019-12-03,null,0
laney,hamill,xumvebqdokzfqjpq,block llc,2019-12-03,null,0
paris,reichert,3lvrz4om8kvt4mgn,willms-willms,2019-12-03,null,0
jaqueline,white,78kxhfinechhxvkr,willms-willms,2019-12-03,null,1
alisa,jenkins,qgp3qeg7c0xf1obf,jones and sons,2019-12-03,null,3
odessa,ferry,xeftykyape6ljlpm,jones and sons,2019-12-03,null,3
jerrell,hermiston,sc6tjgrxguvldxid,sedea,2019-12-03,null,3
aron,dubuque,wqblagdkgw8mkkt5,sedea,2019-12-03,null,2
hudson,bruen,ix8bq08rpptalbd4,sedea,2019-12-03,null,0
obie,rodriguez,ylgorlzmypg6pwkr,sedeb,2019-12-03,null,3
maud,ledner,hdias7otaaaa6txw,sedeb,2019-12-03,null,1
donna,hilll,s0oiurexsvxf5yly,sedeb,2019-12-03,null,2
damian,littel,su3jjptkvkz44hav,lowe-lowe,2019-12-03,null,2
gwendolyn,hilll,5vy0afi0lp8cd45i,lowe-lowe,2019-12-03,null,1
jameson,gutmann,lpqzlzo2hbdbjok9,lowe-lowe,2019-12-03,null,1
pablo,will,h6nwpz9ybcf7yt8t,homenick-homenick,2019-12-03,null,1
eloy,bogisich,wy8fz764hbemlmyd,homenick-homenick,2019-12-03,null,1
payton,jerde,emcwekzi6ahxehn8,homenick-homenick,2019-12-03,null,3
julianne,schmitt,e6onva6s1imtuq8c,mertz llc,2019-12-03,null,2
curtis,lubowitz,qxahgyrwxluargv4,mertz llc,2019-12-03,null,0
samir,beahan,bufs9siibjosgdce,mertz llc,2019-12-03,null,1
presley,skiles,ltj7sclq1pflr4mk,beier-beier,2019-12-03,null,0
pascale,spencer,hjizml1rrxdlx2ym,beier-beier,2019-12-03,null,1
fiona,rempel,qy6iqmob2yrqraxa,beier-beier,2019-12-03,null,2
catherine,kling,y2nsfvt0y8n2qejg,ebert-ebert,2019-12-03,null,2
nikita,ruecker,1scpalyolipxr487,ebert-ebert,2019-12-03,null,2
joaquin,treutel,nxnyfzflhs2jvyzz,ebert-ebert,2019-12-03,null,0
cali,littel,dfh2qxgdmqnzx8cv,franecki-franecki,2019-12-03,null,1
brionna,dickinson,5udhwc9ojn6m7cy5,franecki-franecki,2019-12-03,null,3
germaine,turner,qlvn0pgqcymly4m9,franecki-franecki,2019-12-03,null,3
creola,cummings,q2ead3st0le2lmlg,tillman-tillman,2019-12-03,null,2
claudia,rempel,1kbesgx5oxvckhtq,tillman-tillman,2019-12-03,null,1
jevon,pollich,15orh0k4jlw8ymkb,tillman-tillman,2019-12-03,null,0
therese,stamm,oqicdudvgtfc6cyq,collins inc,2019-12-03,null,1
dusty,kilback,qeuqlwgzomkixi6a,collins inc,2019-12-03,null,3
jonathon,schroeder,gkhcdw98s4azcckz,collins inc,2019-12-03,null,1
dena,dubuque,dpimbnwinxayfnlt,howe-howe,2019-12-03,null,1
vincenza,mckenzie,odnbysxigfk9hi6q,howe-howe,2019-12-03,null,1
billy,mills,f3woqz2duynlndvr,howe-howe,2019-12-03,null,0
cleora,marquardt,wprjrlaliy07qdpo,abbott and sons,2019-12-03,null,2
cordie,bechtelar,3mjt4bcqexlzewjp,abbott and sons,2019-12-03,null,0
elvie,effertz,h2j9s95lysr3c5h5,abbott and sons,2019-12-03,null,1
aliya,friesen,f6rrsqkpxkfwoin9,bogan-bogan,2019-12-03,null,0
ephraim,gutmann,wozjifcwzshf9ssj,bogan-bogan,2019-12-03,null,3
aurore,vandervort,vte00dkvtz8gn8kr,bogan-bogan,2019-12-03,null,0
vince,luettgen,ududtx3sovkrdcrz,kihn-kihn,2019-12-03,null,3
arne,muller,dsnuhwadq32tz4qw,kihn-kihn,2019-12-03,null,2
doug,torphy,gg9uaytqha20ps8z,kihn-kihn,2019-12-03,null,3
jade,feil,cyek5r6f1ny4yzy0,bailey and sons,2019-12-03,null,0
maverick,johns,zb1rmibel2xxppwk,bailey and sons,2019-12-03,null,1
ryley,wintheiser,x63dnsgjyzfquodm,bailey and sons,2019-12-03,null,1
keenan,kub,tq9df92sgsfxdoih,ruecker-ruecker,2019-12-03,null,0
tyrell,satterfield,zocbjdlbpfneqryq,ruecker-ruecker,2019-12-03,null,0
brycen,jast,0jnrfcfhhb4clmdw,ruecker-ruecker,2019-12-03,null,3
anabelle,ziemann,1xerggfx3wutyb16,bins and sons,2019-12-03,null,2
cary,willms,q28ab2ulonzf72fu,bins and sons,2019-12-03,null,3
bernard,powlowski,ie4fy0zddkhk9qck,bins and sons,2019-12-03,null,1
domenica,lindgren,heuh07ytm8austbv,hudson-hudson,2019-12-03,null,2
sandrine,wilkinson,wls3ynjvllqct6so,hudson-hudson,2019-12-03,null,2
junior,schneider,bgjlo3ela9kjkehp,hudson-hudson,2019-12-03,null,2
carleton,ernser,r3hlnez6jboozijc,kuvalis-kuvalis,2019-12-03,null,2
dora,koch,fkzhvefh8ssjzrlq,kuvalis-kuvalis,2019-12-03,null,2
jordane,kassulke,a82v2acdxh3tqo1s,kuvalis-kuvalis,2019-12-03,null,3
clementina,wunsch,zt1e4ccdagz9fd1n,grady-grady,2019-12-03,null,1
alessandro,smith,zplp1bkumjz2romc,grady-grady,2019-12-03,null,2
syble,terry,zjddtdoun8butvkj,grady-grady,2019-12-03,null,3
betsy,jakubowski,xapyxixpan6ocohr,mcdermott-mcdermott,2019-12-03,null,3
magali,reinger,6icbqt5d6oryaxbd,mcdermott-mcdermott,2019-12-03,null,3
kaitlin,kihn,km8bamvctaaxdowt,mcdermott-mcdermott,2019-12-03,null,0
haleigh,jacobi,z60aii6cwyitqysf,paucek-paucek,2019-12-03,null,1
chadd,adams,igedkthoviwyzes9,paucek-paucek,2019-12-03,null,3
hassan,anderson,bknvtgs6dlgy2jvo,paucek-paucek,2019-12-03,null,3
ayana,cormier,4d3shxyskeuzf9rz,feest-feest,2019-12-03,null,2
barrett,luettgen,e8g9ohk4saeuwlki,feest-feest,2019-12-03,null,1
izaiah,schowalter,qfxy0bumltdkrtgn,feest-feest,2019-12-03,null,1
ofelia,tillman,cbgaua0c8xmi4wrw,mayert group,2019-12-03,null,3
ethel,dare,t9qofvyefvgoxecl,mayert group,2019-12-03,null,0
nelda,ortiz,feok7gx9wvk3eq2a,mayert group,2019-12-03,null,2
eldred,yost,ofg1zsrlvv30qr1t,schmeler and sons,2019-12-03,null,2
grayce,zemlak,4neggzr0etl7gnev,schmeler and sons,2019-12-03,null,2
arlene,hane,duyusqwahyql9vqv,schmeler and sons,2019-12-03,null,0
addie,hahn,fzlosz5aqiyxxfsa,hessel and sons,2019-12-03,null,3
santos,lowe,3k7arigon3zok7zn,hessel and sons,2019-12-03,null,1
jacquelyn,schaefer,vysrxavjsqnohvbm,hessel and sons,2019-12-03,null,1
sonia,fritsch,ldjd6jw9vbbghlbb,kilback-kilback,2019-12-03,null,0
hilton,bode,c4ipterlnmiy87ut,kilback-kilback,2019-12-03,null,1
napoleon,mohr,ba9gyldcduxplkew,kilback-kilback,2019-12-03,null,1
paris,bins,ardpof3phjjwqdkl,tromp-tromp,2019-12-03,null,0
jonas,hammes,yc45akx5yaaymvhc,tromp-tromp,2019-12-03,null,3
elnora,thiel,ndnpqck9ynccff6d,tromp-tromp,2019-12-03,null,2
nelle,terry,lyzrogoxc3ipoesu,hayes llc,2019-12-03,null,0
rebeca,bechtelar,6bp5avmlskcqkgrq,hayes llc,2019-12-03,null,1
alfredo,heaney,0ipcr1cr47eh5dwn,hayes llc,2019-12-03,null,2
orlo,marks,x7rw8rtemqf6dimf,daugherty inc,2019-12-03,null,3
kyleigh,rippin,qzlzxv1mp4zu9y5o,daugherty inc,2019-12-03,null,0
cleta,weber,hrxtrr07nrocbzkn,daugherty inc,2019-12-03,null,2
kendrick,lynch,33byg6amrjxxzfzv,blick llc,2019-12-03,null,1
shaina,cronin,gqd2rni6itu6gnnp,blick llc,2019-12-03,null,0
ignacio,reinger,hercmsuxvosg283y,blick llc,2019-12-03,null,1
trevion,dare,nycmefphimbckbwp,macejkovic-macejkovic,2019-12-03,null,3
lorenza,bernhard,4k4ko1qc3olfjhhr,macejkovic-macejkovic,2019-12-03,null,0
dortha,kuvalis,7bm1ya6vvep5qs5x,macejkovic-macejkovic,2019-12-03,null,3
reid,nikolaus,7crauwtz7onkvrir,hansen inc,2019-12-03,null,3
alexandria,crooks,md2cikg4p4ocmjty,hansen inc,2019-12-03,null,2
moshe,paucek,yqopg9gvsolipxdf,hansen inc,2019-12-03,null,2
norma,hyatt,l5plp8pmkrcjxz7r,greenholt-greenholt,2019-12-03,null,2
mara,gerlach,csgbytcjsbvohkeq,greenholt-greenholt,2019-12-03,null,2
laury,fahey,t8bs2wxxt93hnbet,greenholt-greenholt,2019-12-03,null,3
aisha,keeling,dejslmirrnzcrdkn,brekke and sons,2019-12-03,null,0
shaniya,gleason,pfmmkopzyaak3t2q,brekke and sons,2019-12-03,null,3
ella,swaniawski,d073txuuoybgrrd6,brekke and sons,2019-12-03,null,3
jalen,von,vnnehmemqhf8ufpk,schowalter-schowalter,2019-12-03,null,2
brook,okuneva,5xddceg1jluxswmy,schowalter-schowalter,2019-12-03,null,0
jaylen,langosh,1jkc3uhrg5o5xjvv,schowalter-schowalter,2019-12-03,null,2
filiberto,luettgen,fma10zypnpyrcrle,reinger and sons,2019-12-03,null,0
jany,jacobson,m0sewt8t802hxrd0,reinger and sons,2019-12-03,null,1
malcolm,friesen,a3puifo2cdnoxcxt,reinger and sons,2019-12-03,null,0
estevan,dietrich,iavwqmwsnt8aopsy,fritsch inc,2019-12-03,null,3
pattie,mills,5xxzbhhgxez3f5d0,fritsch inc,2019-12-03,null,2
nelson,terry,o6elcvdgxgkqndgt,fritsch inc,2019-12-03,null,3
dean,huel,n7jdxlqr3ldhisf5,fahey-fahey,2019-12-03,null,2
adella,reinger,dktjjljj1ockxlon,fahey-fahey,2019-12-03,null,2
orion,lockman,vad8ioqqpdd7epgn,fahey-fahey,2019-12-03,null,2
cletus,paucek,ungdmnm1d57ib83e,schultz-schultz,2019-12-03,null,1
davon,yundt,ympkjtxgkrrsoehy,schultz-schultz,2019-12-03,null,0
marilou,white,mkstx7uv0d6ubi3u,schultz-schultz,2019-12-03,null,3
ida,altenwerth,sde8f3i5hj3rzpy7,mraz llc,2019-12-03,null,2
noemie,swift,ir7rj14rkxphrcrj,mraz llc,2019-12-03,null,2
jayden,gleason,oba5frpfvqjjhly7,mraz llc,2019-12-03,null,1
madisen,weimann,7najp5f1kwijgbzc,graham-graham,2019-12-03,null,3
kylee,kris,27iaeai40o7gfxz4,graham-graham,2019-12-03,null,0
braulio,heathcote,beaudqfscksdgdw8,graham-graham,2019-12-03,null,2
alayna,o'hara,cmce1lgkxwpesusp,lubowitz group,2019-12-03,null,3
ettie,schneider,sw19g2lnzdihbcsd,lubowitz group,2019-12-03,null,3
kamron,stroman,8h3mf4ciivw0dxhx,lubowitz group,2019-12-03,null,1
lora,feeney,tbfrm26l8x9buliz,cruickshank-cruickshank,2019-12-03,null,2
caroline,collins,zv1igvil0ao3oaw3,cruickshank-cruickshank,2019-12-03,null,0
michaela,doyle,blkmn1cn2usj2kem,cruickshank-cruickshank,2019-12-03,null,3
clotilde,conn,1t6pvku38xds4zsp,hermiston group,2019-12-03,null,1
moses,schultz,trswcyjg1deqdvnk,hermiston group,2019-12-03,null,3
aracely,lueilwitz,gn2sl7u8tfncyz3p,hermiston group,2019-12-03,null,3
hassan,russel,xpthmw3gv6bbpckq,cole-cole,2019-12-03,null,1
vicenta,konopelski,p58m1u3fdgilmtzb,cole-cole,2019-12-03,null,1
trisha,mann,lq0gwt1y7gidtc5k,cole-cole,2019-12-03,null,3
kale,erdman,bj08098fx32wqoca,stanton-stanton,2019-12-03,null,2
bruce,veum,m0an9jk1isqd5wo6,stanton-stanton,2019-12-03,null,0
gust,kozey,hann2l9dykecgw3r,stanton-stanton,2019-12-03,null,2
jeromy,goyette,mrzx2vdcj9bpaesy,block llc,2019-12-03,null,0
syble,nitzsche,s9v5uzguvzicji7i,block llc,2019-12-03,null,2
alejandrin,franecki,dtvbs9xfdl3ieozc,block llc,2019-12-03,null,3
ryan,effertz,dryhhvfgarn9awtq,willms-willms,2019-12-03,null,3
eveline,gusikowski,cl6ff9vgkscutoui,willms-willms,2019-12-03,null,1
sid,stamm,jklwymfhypxjojjq,willms-willms,2019-12-03,null,3
colleen,bahringer,h68mwbj9wqbkrji5,jones and sons,2019-12-03,null,2
isaiah,ziemann,x0evxcxjwbcc8pte,jones and sons,2019-12-03,null,2
amani,zemlak,uevipjqmlgtusaht,jones and sons,2019-12-03,null,2
judy,krajcik,phtwqyi9rios6yrn,gusikowski-gusikowski,2019-12-03,null,2
eleonore,treutel,80u2hkhhl0uhethg,gusikowski-gusikowski,2019-12-03,null,1
jovanny,erdman,qq8gqmplh4my3njj,gusikowski-gusikowski,2019-12-03,null,0
ebony,swift,k9bnuc0a9efivqgg,ferry group,2019-12-03,null,1
leora,hackett,reorxsqoriauvc4f,ferry group,2019-12-03,null,3
carolina,hoppe,aq2we3en9xc8yxzm,ferry group,2019-12-03,null,0
benjamin,lesch,2l5kpiybcj92viu9,bode inc,2019-12-03,null,2
brent,quitzon,cifdbdtzkgkmsazo,bode inc,2019-12-03,null,1
sterling,wuckert,3t0fctbxojum9kwr,bode inc,2019-12-03,null,0
